trial_id,condition,age_min,age_max,hba1c_min,bp_min,exclusion,location
T0001,Diabetes,21,66,6.9,120,None,Chennai
T0002,Hypertension,40,51,6.5,125,None,Pune
T0003,Diabetes,36,62,7.8,140,HeartDisease,Chennai
T0004,Diabetes,33,71,7.2,145,HeartDisease,Bangalore
T0005,Hypertension,40,50,6.3,134,HeartDisease,Mumbai
T0006,Hypertension,28,75,7.2,140,HeartDisease,Chennai
T0007,Asthma,29,79,6.3,135,HeartDisease,Hyderabad
T0008,Hypertension,24,77,6.3,149,HeartDisease,Mumbai
T0009,Asthma,30,59,7.3,129,HeartDisease,Mumbai
T0010,Cancer,39,73,6.7,138,None,Hyderabad
T0011,Asthma,30,73,6.2,136,HeartDisease,Delhi
T0012,Hypertension,40,57,6.2,140,None,Mumbai
T0013,Asthma,34,57,7.4,120,HeartDisease,Pune
T0014,Cancer,24,50,6.4,145,HeartDisease,Delhi
T0015,Cancer,24,68,7.9,131,None,Pune
T0016,Cancer,26,70,6.4,138,None,Chennai
T0017,Asthma,40,51,6.9,141,None,Bangalore
T0018,Asthma,40,80,6.1,127,None,Delhi
T0019,Hypertension,22,65,6.7,133,HeartDisease,Pune
T0020,Hypertension,18,72,7.5,144,HeartDisease,Hyderabad
T0021,Hypertension,30,51,6.6,142,None,Mumbai
T0022,Asthma,19,76,7.1,132,None,Mumbai
T0023,Cancer,39,61,6.4,135,None,Mumbai
T0024,Cancer,39,54,6.3,128,HeartDisease,Hyderabad
T0025,Asthma,29,74,6.2,142,HeartDisease,Hyderabad
T0026,Diabetes,31,55,6.8,149,HeartDisease,Mumbai
T0027,Cancer,31,78,7.4,134,None,Pune
T0028,Hypertension,25,76,6.2,141,HeartDisease,Chennai
T0029,Cancer,22,80,7.7,130,None,Pune
T0030,Asthma,34,67,6.3,142,HeartDisease,Mumbai
T0031,Hypertension,30,76,6.3,135,None,Pune
T0032,Asthma,24,74,6.3,143,HeartDisease,Pune
T0033,Asthma,25,61,7.8,133,HeartDisease,Hyderabad
T0034,Asthma,37,68,7.2,129,None,Delhi
T0035,Asthma,21,59,7.8,145,HeartDisease,Hyderabad
T0036,Hypertension,31,67,8.0,120,HeartDisease,Mumbai
T0037,Diabetes,22,57,6.2,120,HeartDisease,Delhi
T0038,Cancer,19,65,7.2,121,HeartDisease,Pune
T0039,Hypertension,20,58,6.1,139,HeartDisease,Hyderabad
T0040,Hypertension,23,51,6.8,140,HeartDisease,Delhi
T0041,Cancer,22,72,7.6,128,None,Mumbai
T0042,Asthma,36,76,7.0,133,None,Hyderabad
T0043,Asthma,20,59,7.7,149,HeartDisease,Bangalore
T0044,Asthma,28,70,6.6,137,HeartDisease,Mumbai
T0045,Asthma,37,72,6.9,149,HeartDisease,Pune
T0046,Cancer,19,67,6.4,150,None,Delhi
T0047,Cancer,24,60,8.0,134,None,Pune
T0048,Asthma,18,60,7.9,135,HeartDisease,Mumbai
T0049,Hypertension,37,79,6.7,142,None,Pune
T0050,Cancer,32,65,6.8,130,HeartDisease,Delhi
T0051,Asthma,25,64,6.6,141,HeartDisease,Delhi
T0052,Asthma,30,54,7.0,137,HeartDisease,Chennai
T0053,Diabetes,30,80,6.4,141,HeartDisease,Pune
T0054,Asthma,25,65,7.4,125,HeartDisease,Hyderabad
T0055,Hypertension,37,54,6.0,130,None,Delhi
T0056,Asthma,36,78,6.0,140,HeartDisease,Hyderabad
T0057,Asthma,21,59,6.4,127,HeartDisease,Hyderabad
T0058,Diabetes,32,64,6.3,150,HeartDisease,Hyderabad
T0059,Cancer,30,55,7.4,145,HeartDisease,Chennai
T0060,Hypertension,23,75,7.9,148,None,Chennai
T0061,Diabetes,30,77,7.0,149,None,Pune
T0062,Asthma,26,80,6.6,147,HeartDisease,Pune
T0063,Cancer,20,56,7.7,139,None,Delhi
T0064,Hypertension,31,62,7.1,138,None,Chennai
T0065,Asthma,28,77,6.5,138,None,Hyderabad
T0066,Cancer,33,61,7.4,149,HeartDisease,Bangalore
T0067,Asthma,33,68,7.1,149,HeartDisease,Pune
T0068,Diabetes,24,55,7.4,139,HeartDisease,Hyderabad
T0069,Cancer,19,74,7.6,129,None,Hyderabad
T0070,Cancer,37,69,6.1,126,HeartDisease,Chennai
T0071,Asthma,30,67,6.3,149,None,Mumbai
T0072,Diabetes,27,65,7.3,142,HeartDisease,Mumbai
T0073,Cancer,30,79,7.5,126,HeartDisease,Hyderabad
T0074,Asthma,22,57,7.8,133,HeartDisease,Mumbai
T0075,Diabetes,40,50,6.8,141,None,Chennai
T0076,Diabetes,24,79,7.6,140,HeartDisease,Hyderabad
T0077,Asthma,26,61,7.5,150,None,Pune
T0078,Cancer,31,71,6.8,142,None,Mumbai
T0079,Hypertension,35,55,6.4,134,HeartDisease,Chennai
T0080,Cancer,29,50,7.2,132,HeartDisease,Chennai
T0081,Cancer,36,62,7.0,127,None,Pune
T0082,Asthma,19,56,6.3,140,HeartDisease,Mumbai
T0083,Diabetes,30,68,6.0,139,HeartDisease,Hyderabad
T0084,Hypertension,18,64,8.0,139,HeartDisease,Hyderabad
T0085,Asthma,29,60,7.9,147,None,Bangalore
T0086,Diabetes,27,53,6.4,138,HeartDisease,Chennai
T0087,Hypertension,29,77,7.2,142,None,Bangalore
T0088,Diabetes,39,72,6.6,134,HeartDisease,Mumbai
T0089,Hypertension,21,68,7.5,126,None,Chennai
T0090,Diabetes,30,69,7.5,128,HeartDisease,Delhi
T0091,Cancer,25,78,6.5,136,HeartDisease,Delhi
T0092,Asthma,26,59,6.4,149,None,Mumbai
T0093,Asthma,32,56,6.7,127,HeartDisease,Hyderabad
T0094,Hypertension,31,54,6.2,120,HeartDisease,Chennai
T0095,Cancer,19,59,7.5,141,HeartDisease,Chennai
T0096,Asthma,30,61,6.4,140,HeartDisease,Mumbai
T0097,Asthma,40,59,6.7,148,None,Mumbai
T0098,Cancer,39,75,6.2,148,None,Bangalore
T0099,Diabetes,33,58,7.7,125,HeartDisease,Chennai
T0100,Asthma,21,57,7.7,142,None,Hyderabad
T0101,Diabetes,18,74,7.1,126,None,Pune
T0102,Asthma,25,66,6.5,127,None,Pune
T0103,Diabetes,20,75,7.9,130,HeartDisease,Delhi
T0104,Diabetes,39,79,7.2,149,HeartDisease,Hyderabad
T0105,Hypertension,29,53,6.6,130,HeartDisease,Delhi
T0106,Cancer,39,61,7.2,126,HeartDisease,Chennai
T0107,Asthma,26,73,7.7,133,None,Pune
T0108,Asthma,27,55,7.3,147,HeartDisease,Delhi
T0109,Diabetes,28,71,6.9,138,None,Pune
T0110,Cancer,21,56,6.3,124,None,Mumbai
T0111,Diabetes,38,59,6.5,130,None,Hyderabad
T0112,Cancer,18,66,6.2,126,HeartDisease,Delhi
T0113,Cancer,18,53,7.7,144,None,Bangalore
T0114,Cancer,20,52,6.6,147,HeartDisease,Chennai
T0115,Cancer,38,79,6.0,148,HeartDisease,Chennai
T0116,Diabetes,34,68,6.9,137,HeartDisease,Hyderabad
T0117,Asthma,36,58,7.5,120,None,Pune
T0118,Hypertension,36,59,7.5,142,None,Bangalore
T0119,Hypertension,37,60,7.2,142,None,Chennai
T0120,Asthma,33,63,7.1,130,HeartDisease,Chennai
T0121,Diabetes,36,50,6.2,123,None,Bangalore
T0122,Cancer,29,57,6.9,123,None,Pune
T0123,Cancer,24,64,7.8,145,HeartDisease,Delhi
T0124,Hypertension,30,80,7.5,133,HeartDisease,Hyderabad
T0125,Asthma,24,77,7.3,127,HeartDisease,Chennai
T0126,Diabetes,18,70,6.0,141,HeartDisease,Chennai
T0127,Cancer,28,60,6.5,128,None,Bangalore
T0128,Diabetes,32,62,6.9,141,HeartDisease,Hyderabad
T0129,Asthma,21,70,7.5,144,HeartDisease,Mumbai
T0130,Cancer,32,71,6.5,142,None,Delhi
T0131,Cancer,25,78,6.0,141,HeartDisease,Mumbai
T0132,Hypertension,18,57,7.2,143,None,Chennai
T0133,Hypertension,34,62,6.8,126,HeartDisease,Chennai
T0134,Diabetes,23,76,6.1,125,HeartDisease,Bangalore
T0135,Diabetes,24,62,6.1,146,None,Pune
T0136,Asthma,24,62,7.9,140,HeartDisease,Hyderabad
T0137,Cancer,27,58,7.3,121,None,Chennai
T0138,Hypertension,26,74,6.8,139,HeartDisease,Bangalore
T0139,Hypertension,22,68,6.0,139,None,Chennai
T0140,Diabetes,22,53,7.8,149,None,Mumbai
T0141,Diabetes,23,63,7.5,138,HeartDisease,Mumbai
T0142,Asthma,20,58,6.7,120,None,Pune
T0143,Diabetes,39,56,7.1,143,HeartDisease,Pune
T0144,Hypertension,30,54,7.4,142,HeartDisease,Hyderabad
T0145,Hypertension,19,74,7.7,138,HeartDisease,Bangalore
T0146,Diabetes,34,64,7.3,133,None,Delhi
T0147,Asthma,39,71,7.0,148,HeartDisease,Mumbai
T0148,Cancer,29,54,6.7,124,HeartDisease,Mumbai
T0149,Asthma,29,55,6.6,144,None,Mumbai
T0150,Diabetes,23,60,7.9,133,None,Chennai
T0151,Cancer,31,56,6.0,143,HeartDisease,Hyderabad
T0152,Hypertension,29,72,6.3,131,HeartDisease,Bangalore
T0153,Hypertension,39,65,7.3,143,HeartDisease,Pune
T0154,Cancer,32,53,6.4,128,None,Bangalore
T0155,Asthma,30,61,6.5,145,None,Delhi
T0156,Diabetes,36,60,7.6,131,HeartDisease,Chennai
T0157,Diabetes,32,76,7.3,148,HeartDisease,Mumbai
T0158,Diabetes,20,50,7.3,122,None,Chennai
T0159,Asthma,19,75,6.3,126,HeartDisease,Mumbai
T0160,Cancer,39,70,6.1,129,HeartDisease,Mumbai
T0161,Cancer,18,80,7.8,141,HeartDisease,Delhi
T0162,Asthma,30,77,7.2,139,None,Mumbai
T0163,Diabetes,19,50,7.3,129,None,Bangalore
T0164,Diabetes,40,72,6.2,120,None,Chennai
T0165,Cancer,40,77,7.9,135,HeartDisease,Pune
T0166,Cancer,34,56,7.9,126,None,Hyderabad
T0167,Cancer,33,65,7.6,126,None,Hyderabad
T0168,Diabetes,18,70,7.0,132,HeartDisease,Chennai
T0169,Asthma,27,50,7.2,134,None,Hyderabad
T0170,Diabetes,20,54,6.7,149,HeartDisease,Mumbai
T0171,Diabetes,38,73,7.3,122,None,Pune
T0172,Diabetes,29,56,7.4,144,None,Chennai
T0173,Hypertension,21,78,6.8,147,None,Chennai
T0174,Diabetes,39,61,7.5,120,HeartDisease,Bangalore
T0175,Asthma,27,66,7.0,129,HeartDisease,Delhi
T0176,Asthma,21,65,6.2,137,HeartDisease,Delhi
T0177,Asthma,38,70,6.2,149,None,Hyderabad
T0178,Asthma,38,72,6.4,134,None,Delhi
T0179,Diabetes,26,79,6.5,124,None,Mumbai
T0180,Asthma,37,64,6.3,128,None,Pune
T0181,Hypertension,25,72,7.0,128,HeartDisease,Mumbai
T0182,Cancer,30,78,6.4,127,HeartDisease,Mumbai
T0183,Diabetes,20,56,7.0,128,HeartDisease,Pune
T0184,Diabetes,34,62,6.6,137,HeartDisease,Delhi
T0185,Diabetes,39,61,6.6,138,None,Delhi
T0186,Hypertension,39,73,7.0,140,None,Bangalore
T0187,Cancer,39,77,6.2,134,None,Pune
T0188,Cancer,35,67,7.5,120,None,Bangalore
T0189,Hypertension,37,62,7.3,150,HeartDisease,Bangalore
T0190,Cancer,32,56,8.0,145,None,Mumbai
T0191,Diabetes,39,78,7.8,141,None,Pune
T0192,Asthma,30,74,6.5,145,None,Pune
T0193,Diabetes,31,77,7.3,130,None,Hyderabad
T0194,Hypertension,27,58,6.1,142,None,Hyderabad
T0195,Hypertension,19,72,6.1,145,None,Pune
T0196,Hypertension,32,80,6.9,122,HeartDisease,Mumbai
T0197,Hypertension,38,75,6.3,123,None,Mumbai
T0198,Hypertension,39,50,7.4,136,HeartDisease,Bangalore
T0199,Diabetes,19,55,6.8,131,HeartDisease,Bangalore
T0200,Asthma,40,50,6.7,150,None,Chennai
T0201,Diabetes,20,79,6.6,141,HeartDisease,Hyderabad
T0202,Diabetes,36,53,6.5,125,None,Pune
T0203,Asthma,32,71,7.6,136,None,Bangalore
T0204,Diabetes,24,51,7.2,131,HeartDisease,Delhi
T0205,Hypertension,26,80,7.2,137,None,Bangalore
T0206,Hypertension,29,54,7.6,143,HeartDisease,Hyderabad
T0207,Diabetes,34,64,6.7,120,None,Mumbai
T0208,Asthma,28,55,7.2,126,HeartDisease,Chennai
T0209,Cancer,36,54,7.4,137,None,Chennai
T0210,Diabetes,37,77,7.6,142,HeartDisease,Mumbai
T0211,Hypertension,27,75,6.6,138,None,Bangalore
T0212,Hypertension,22,59,7.8,150,HeartDisease,Delhi
T0213,Hypertension,31,54,7.6,124,HeartDisease,Pune
T0214,Cancer,28,64,6.5,150,HeartDisease,Pune
T0215,Hypertension,32,71,6.5,137,HeartDisease,Bangalore
T0216,Hypertension,26,64,6.7,132,None,Chennai
T0217,Hypertension,19,71,6.7,137,HeartDisease,Delhi
T0218,Hypertension,32,72,7.1,125,None,Chennai
T0219,Hypertension,18,73,6.4,127,None,Hyderabad
T0220,Cancer,25,57,7.4,128,HeartDisease,Bangalore
T0221,Cancer,38,61,6.1,141,HeartDisease,Delhi
T0222,Hypertension,27,73,7.1,133,HeartDisease,Pune
T0223,Hypertension,25,76,7.7,139,HeartDisease,Pune
T0224,Cancer,27,73,6.5,144,HeartDisease,Chennai
T0225,Asthma,23,76,6.8,130,None,Chennai
T0226,Cancer,22,54,6.4,142,None,Pune
T0227,Cancer,31,50,6.9,126,None,Bangalore
T0228,Asthma,27,61,7.0,122,None,Mumbai
T0229,Asthma,32,55,6.3,142,None,Hyderabad
T0230,Diabetes,36,80,6.1,150,HeartDisease,Delhi
T0231,Asthma,19,64,6.5,124,HeartDisease,Mumbai
T0232,Diabetes,40,58,7.9,148,None,Bangalore
T0233,Hypertension,31,74,6.8,138,HeartDisease,Chennai
T0234,Diabetes,25,77,7.4,144,None,Mumbai
T0235,Diabetes,24,62,6.2,136,HeartDisease,Hyderabad
T0236,Diabetes,30,57,7.9,149,None,Hyderabad
T0237,Diabetes,30,67,6.5,138,None,Bangalore
T0238,Hypertension,33,70,7.0,144,None,Hyderabad
T0239,Cancer,32,68,7.9,127,HeartDisease,Pune
T0240,Cancer,31,62,6.6,131,HeartDisease,Bangalore
T0241,Cancer,18,59,6.7,147,None,Pune
T0242,Diabetes,20,60,7.0,124,None,Mumbai
T0243,Diabetes,34,65,7.3,143,None,Hyderabad
T0244,Hypertension,29,67,7.7,135,HeartDisease,Bangalore
T0245,Cancer,35,57,7.5,138,None,Chennai
T0246,Diabetes,23,53,7.2,146,None,Delhi
T0247,Hypertension,26,66,6.7,122,HeartDisease,Hyderabad
T0248,Hypertension,29,66,6.6,150,HeartDisease,Bangalore
T0249,Asthma,23,74,6.1,123,HeartDisease,Delhi
T0250,Cancer,33,80,7.8,139,HeartDisease,Chennai
T0251,Diabetes,39,57,7.4,132,HeartDisease,Mumbai
T0252,Asthma,21,57,6.9,145,HeartDisease,Pune
T0253,Asthma,21,70,7.9,137,None,Delhi
T0254,Hypertension,22,75,7.5,129,None,Chennai
T0255,Cancer,28,74,6.8,135,None,Bangalore
T0256,Diabetes,19,71,8.0,130,None,Pune
T0257,Asthma,34,73,6.4,121,HeartDisease,Pune
T0258,Diabetes,20,50,6.8,137,None,Hyderabad
T0259,Asthma,19,54,6.8,122,HeartDisease,Hyderabad
T0260,Cancer,39,52,6.7,125,HeartDisease,Bangalore
T0261,Asthma,29,59,7.3,135,HeartDisease,Chennai
T0262,Cancer,27,73,6.6,142,None,Hyderabad
T0263,Asthma,23,69,6.8,142,None,Chennai
T0264,Diabetes,33,67,6.0,131,HeartDisease,Chennai
T0265,Asthma,22,76,7.4,138,HeartDisease,Hyderabad
T0266,Asthma,30,74,7.8,137,None,Bangalore
T0267,Cancer,23,54,6.8,122,None,Bangalore
T0268,Asthma,30,66,7.2,145,None,Mumbai
T0269,Cancer,30,60,6.3,130,None,Mumbai
T0270,Asthma,29,80,7.5,150,None,Hyderabad
T0271,Diabetes,27,52,7.8,124,HeartDisease,Pune
T0272,Cancer,30,60,7.4,140,None,Mumbai
T0273,Hypertension,32,53,6.0,135,HeartDisease,Pune
T0274,Asthma,40,68,6.7,135,HeartDisease,Delhi
T0275,Hypertension,30,50,7.9,148,HeartDisease,Bangalore
T0276,Diabetes,37,62,6.2,144,None,Bangalore
T0277,Diabetes,27,68,6.7,147,None,Mumbai
T0278,Asthma,35,56,6.4,140,HeartDisease,Mumbai
T0279,Hypertension,20,54,7.6,147,HeartDisease,Hyderabad
T0280,Asthma,22,56,6.6,138,None,Bangalore
T0281,Diabetes,28,52,7.1,128,HeartDisease,Delhi
T0282,Hypertension,36,63,7.7,120,HeartDisease,Delhi
T0283,Hypertension,27,72,7.0,150,None,Hyderabad
T0284,Hypertension,19,53,6.9,120,None,Pune
T0285,Asthma,40,78,6.2,129,None,Mumbai
T0286,Asthma,36,51,6.8,145,None,Delhi
T0287,Cancer,21,50,6.4,124,HeartDisease,Hyderabad
T0288,Hypertension,22,61,6.3,139,None,Mumbai
T0289,Asthma,21,51,6.6,134,None,Chennai
T0290,Hypertension,22,74,7.9,128,None,Mumbai
T0291,Diabetes,37,76,7.4,139,None,Hyderabad
T0292,Hypertension,29,76,6.3,122,None,Mumbai
T0293,Hypertension,22,80,6.1,122,HeartDisease,Hyderabad
T0294,Asthma,19,69,6.2,120,HeartDisease,Hyderabad
T0295,Asthma,37,79,7.1,138,None,Hyderabad
T0296,Diabetes,24,72,6.1,125,HeartDisease,Delhi
T0297,Asthma,31,54,6.4,141,None,Bangalore
T0298,Asthma,24,65,6.6,122,HeartDisease,Pune
T0299,Cancer,28,63,6.3,144,HeartDisease,Chennai
T0300,Asthma,36,58,6.9,126,HeartDisease,Mumbai
T0301,Cancer,21,79,6.2,139,None,Hyderabad
T0302,Hypertension,28,65,7.6,135,None,Pune
T0303,Cancer,26,60,6.8,144,HeartDisease,Pune
T0304,Asthma,33,65,6.0,122,None,Delhi
T0305,Hypertension,35,76,7.8,131,None,Hyderabad
T0306,Asthma,34,73,6.8,147,None,Delhi
T0307,Asthma,30,56,6.2,144,None,Mumbai
T0308,Asthma,29,62,7.7,140,None,Pune
T0309,Cancer,30,55,7.3,126,HeartDisease,Pune
T0310,Hypertension,37,59,6.6,126,None,Hyderabad
T0311,Diabetes,32,73,7.6,144,HeartDisease,Delhi
T0312,Hypertension,33,51,7.7,149,None,Chennai
T0313,Cancer,35,73,6.9,120,None,Hyderabad
T0314,Hypertension,39,58,6.5,120,HeartDisease,Chennai
T0315,Hypertension,28,74,6.7,142,HeartDisease,Pune
T0316,Hypertension,30,58,7.6,129,None,Hyderabad
T0317,Hypertension,39,62,7.0,121,None,Hyderabad
T0318,Cancer,38,79,6.3,146,HeartDisease,Bangalore
T0319,Asthma,40,52,7.5,136,HeartDisease,Hyderabad
T0320,Diabetes,27,71,7.3,149,HeartDisease,Mumbai
T0321,Diabetes,39,69,6.1,147,HeartDisease,Mumbai
T0322,Cancer,27,54,6.7,136,None,Bangalore
T0323,Hypertension,33,71,6.6,144,None,Hyderabad
T0324,Diabetes,36,78,6.8,135,HeartDisease,Bangalore
T0325,Cancer,35,64,7.7,134,None,Bangalore
T0326,Diabetes,35,63,7.0,143,None,Chennai
T0327,Hypertension,21,53,7.2,148,None,Chennai
T0328,Asthma,24,55,7.4,150,None,Delhi
T0329,Hypertension,26,56,6.3,120,None,Mumbai
T0330,Cancer,31,66,8.0,120,None,Pune
T0331,Cancer,33,79,7.8,134,HeartDisease,Hyderabad
T0332,Diabetes,32,62,6.2,140,None,Hyderabad
T0333,Hypertension,36,66,8.0,125,HeartDisease,Delhi
T0334,Asthma,37,61,7.9,146,None,Chennai
T0335,Asthma,38,50,6.7,121,None,Delhi
T0336,Diabetes,32,77,7.0,122,None,Hyderabad
T0337,Hypertension,31,69,6.3,138,None,Bangalore
T0338,Hypertension,33,56,7.8,140,HeartDisease,Delhi
T0339,Diabetes,35,55,7.5,126,None,Pune
T0340,Hypertension,37,72,6.2,130,None,Delhi
T0341,Diabetes,36,75,6.9,129,None,Bangalore
T0342,Cancer,20,70,7.6,121,None,Mumbai
T0343,Diabetes,23,68,6.5,147,None,Hyderabad
T0344,Diabetes,22,71,6.7,121,None,Bangalore
T0345,Diabetes,28,57,6.9,132,HeartDisease,Chennai
T0346,Cancer,30,60,7.6,132,None,Mumbai
T0347,Hypertension,27,63,7.0,138,HeartDisease,Chennai
T0348,Hypertension,38,54,6.4,121,HeartDisease,Delhi
T0349,Diabetes,33,55,7.8,133,HeartDisease,Chennai
T0350,Diabetes,31,72,6.1,132,HeartDisease,Hyderabad
T0351,Hypertension,38,71,7.6,138,None,Hyderabad
T0352,Diabetes,35,80,6.2,143,None,Hyderabad
T0353,Hypertension,37,64,6.4,143,HeartDisease,Hyderabad
T0354,Cancer,31,77,7.2,135,HeartDisease,Delhi
T0355,Diabetes,39,80,6.8,141,None,Pune
T0356,Cancer,30,70,8.0,121,None,Chennai
T0357,Diabetes,21,69,6.3,134,HeartDisease,Chennai
T0358,Diabetes,39,68,7.6,139,None,Hyderabad
T0359,Hypertension,21,52,6.1,130,None,Pune
T0360,Cancer,27,50,7.6,133,HeartDisease,Pune
T0361,Cancer,21,69,6.0,140,None,Pune
T0362,Diabetes,40,78,6.3,137,HeartDisease,Hyderabad
T0363,Diabetes,22,73,6.7,149,None,Mumbai
T0364,Hypertension,36,63,7.2,132,HeartDisease,Delhi
T0365,Cancer,34,64,7.0,145,None,Pune
T0366,Asthma,30,61,7.7,133,None,Hyderabad
T0367,Diabetes,40,61,6.9,149,None,Chennai
T0368,Hypertension,34,80,6.7,140,None,Mumbai
T0369,Cancer,19,63,7.7,139,None,Pune
T0370,Cancer,29,67,6.5,142,None,Mumbai
T0371,Diabetes,40,61,7.7,120,None,Mumbai
T0372,Diabetes,35,73,6.4,144,None,Delhi
T0373,Cancer,30,56,7.8,136,None,Pune
T0374,Asthma,36,65,7.8,146,None,Pune
T0375,Cancer,35,55,6.6,137,None,Pune
T0376,Cancer,26,75,7.6,130,None,Hyderabad
T0377,Asthma,23,80,7.2,136,None,Pune
T0378,Hypertension,25,80,7.0,147,None,Hyderabad
T0379,Hypertension,36,72,6.6,121,HeartDisease,Delhi
T0380,Asthma,32,68,7.9,146,None,Delhi
T0381,Cancer,31,80,6.4,142,None,Delhi
T0382,Asthma,33,50,7.1,149,None,Pune
T0383,Diabetes,18,52,6.4,126,None,Pune
T0384,Hypertension,22,52,6.7,137,None,Pune
T0385,Asthma,28,65,6.8,134,None,Mumbai
T0386,Cancer,28,50,7.8,150,HeartDisease,Chennai
T0387,Asthma,35,51,7.9,142,HeartDisease,Hyderabad
T0388,Diabetes,28,67,7.0,131,None,Delhi
T0389,Cancer,35,75,6.1,126,HeartDisease,Chennai
T0390,Asthma,39,57,7.4,121,HeartDisease,Chennai
T0391,Cancer,25,72,7.0,133,None,Chennai
T0392,Hypertension,20,68,6.7,127,HeartDisease,Delhi
T0393,Asthma,30,51,7.4,145,None,Pune
T0394,Hypertension,38,61,6.7,149,HeartDisease,Hyderabad
T0395,Asthma,30,78,6.6,122,None,Hyderabad
T0396,Diabetes,21,62,6.3,125,HeartDisease,Bangalore
T0397,Asthma,30,72,6.7,150,None,Delhi
T0398,Asthma,19,63,7.0,134,None,Delhi
T0399,Cancer,18,66,7.1,131,None,Delhi
T0400,Asthma,23,54,7.7,147,None,Chennai
T0401,Diabetes,28,79,7.7,127,HeartDisease,Pune
T0402,Cancer,21,59,7.9,145,None,Chennai
T0403,Cancer,30,63,6.4,128,None,Pune
T0404,Asthma,36,77,6.8,143,HeartDisease,Pune
T0405,Cancer,34,79,6.1,147,HeartDisease,Pune
T0406,Cancer,25,75,6.7,121,HeartDisease,Chennai
T0407,Asthma,22,66,6.9,130,None,Mumbai
T0408,Cancer,24,54,7.1,140,HeartDisease,Pune
T0409,Cancer,39,61,7.5,130,None,Mumbai
T0410,Diabetes,24,74,6.9,129,None,Bangalore
T0411,Hypertension,31,77,6.7,131,None,Mumbai
T0412,Diabetes,36,61,6.8,150,None,Bangalore
T0413,Asthma,39,58,7.7,143,HeartDisease,Delhi
T0414,Diabetes,34,69,6.4,134,HeartDisease,Bangalore
T0415,Cancer,22,52,7.0,147,HeartDisease,Pune
T0416,Hypertension,23,53,6.2,139,None,Bangalore
T0417,Asthma,31,65,6.6,125,HeartDisease,Bangalore
T0418,Hypertension,28,69,7.5,134,HeartDisease,Pune
T0419,Diabetes,20,51,7.4,138,HeartDisease,Pune
T0420,Asthma,36,67,7.7,137,HeartDisease,Mumbai
T0421,Cancer,40,53,6.9,145,HeartDisease,Bangalore
T0422,Cancer,40,66,6.9,143,HeartDisease,Mumbai
T0423,Cancer,20,51,7.3,147,None,Bangalore
T0424,Asthma,24,75,6.0,133,None,Bangalore
T0425,Diabetes,36,51,7.3,150,HeartDisease,Mumbai
T0426,Diabetes,38,79,7.4,143,None,Hyderabad
T0427,Diabetes,21,61,6.1,127,HeartDisease,Pune
T0428,Hypertension,18,54,7.0,127,None,Delhi
T0429,Asthma,24,80,7.1,123,None,Chennai
T0430,Diabetes,29,68,6.7,122,HeartDisease,Delhi
T0431,Asthma,21,73,7.2,130,HeartDisease,Delhi
T0432,Hypertension,29,53,7.4,133,HeartDisease,Bangalore
T0433,Diabetes,25,67,6.3,135,None,Delhi
T0434,Hypertension,25,73,7.6,129,None,Hyderabad
T0435,Diabetes,34,63,6.7,138,None,Delhi
T0436,Asthma,20,70,6.1,130,None,Chennai
T0437,Cancer,29,73,7.6,140,HeartDisease,Bangalore
T0438,Diabetes,40,74,6.4,135,HeartDisease,Hyderabad
T0439,Diabetes,28,66,6.3,147,HeartDisease,Hyderabad
T0440,Hypertension,24,73,6.5,124,None,Pune
T0441,Asthma,35,51,7.5,143,HeartDisease,Delhi
T0442,Cancer,21,80,6.3,146,None,Hyderabad
T0443,Asthma,32,64,6.4,146,HeartDisease,Mumbai
T0444,Asthma,27,61,6.1,125,HeartDisease,Delhi
T0445,Asthma,19,70,6.3,129,HeartDisease,Bangalore
T0446,Diabetes,34,64,7.7,128,None,Mumbai
T0447,Diabetes,23,76,8.0,127,HeartDisease,Hyderabad
T0448,Cancer,38,60,7.5,129,HeartDisease,Mumbai
T0449,Asthma,27,69,6.1,147,HeartDisease,Bangalore
T0450,Diabetes,27,54,6.3,140,None,Delhi
T0451,Cancer,34,66,7.3,120,None,Hyderabad
T0452,Hypertension,30,66,7.8,137,HeartDisease,Pune
T0453,Cancer,22,59,6.4,130,HeartDisease,Pune
T0454,Hypertension,25,57,7.1,149,HeartDisease,Chennai
T0455,Diabetes,21,72,6.5,126,HeartDisease,Hyderabad
T0456,Cancer,23,73,7.3,147,HeartDisease,Bangalore
T0457,Cancer,25,80,7.9,134,HeartDisease,Bangalore
T0458,Hypertension,39,61,6.3,137,None,Pune
T0459,Hypertension,32,53,6.7,139,HeartDisease,Bangalore
T0460,Asthma,22,78,6.7,147,HeartDisease,Bangalore
T0461,Diabetes,30,65,7.2,144,None,Pune
T0462,Cancer,40,59,6.7,131,None,Bangalore
T0463,Cancer,39,69,6.3,124,HeartDisease,Mumbai
T0464,Diabetes,34,58,7.1,145,None,Mumbai
T0465,Diabetes,20,59,7.4,140,HeartDisease,Pune
T0466,Hypertension,37,78,7.0,125,None,Chennai
T0467,Diabetes,37,71,6.4,146,HeartDisease,Delhi
T0468,Cancer,26,73,7.6,141,HeartDisease,Delhi
T0469,Diabetes,18,73,6.7,125,HeartDisease,Pune
T0470,Hypertension,20,80,6.7,145,HeartDisease,Chennai
T0471,Diabetes,23,65,7.6,140,HeartDisease,Bangalore
T0472,Hypertension,18,57,8.0,135,None,Chennai
T0473,Hypertension,37,51,6.3,144,HeartDisease,Chennai
T0474,Hypertension,29,72,7.5,130,None,Delhi
T0475,Hypertension,31,56,7.5,129,HeartDisease,Delhi
T0476,Hypertension,24,78,7.0,134,HeartDisease,Pune
T0477,Asthma,29,64,6.4,138,None,Pune
T0478,Asthma,34,54,6.2,126,None,Bangalore
T0479,Diabetes,19,55,6.6,145,HeartDisease,Delhi
T0480,Hypertension,40,65,7.1,124,None,Pune
T0481,Diabetes,25,67,6.1,135,HeartDisease,Hyderabad
T0482,Hypertension,39,55,7.4,139,None,Bangalore
T0483,Diabetes,22,66,6.2,140,None,Bangalore
T0484,Cancer,29,50,7.3,137,HeartDisease,Bangalore
T0485,Cancer,35,52,7.9,120,HeartDisease,Mumbai
T0486,Hypertension,37,53,6.1,134,None,Pune
T0487,Diabetes,33,71,6.4,120,None,Hyderabad
T0488,Cancer,37,71,6.9,129,None,Delhi
T0489,Diabetes,33,74,7.8,122,HeartDisease,Chennai
T0490,Hypertension,22,64,7.9,131,None,Mumbai
T0491,Cancer,26,52,7.5,142,None,Bangalore
T0492,Hypertension,18,61,6.7,129,None,Bangalore
T0493,Cancer,24,64,6.5,138,None,Delhi
T0494,Cancer,34,77,6.2,131,HeartDisease,Mumbai
T0495,Cancer,23,70,7.6,142,None,Mumbai
T0496,Cancer,37,73,7.0,137,HeartDisease,Chennai
T0497,Hypertension,22,59,7.6,131,None,Bangalore
T0498,Diabetes,22,51,8.0,121,None,Hyderabad
T0499,Cancer,33,62,7.5,150,None,Bangalore
T0500,Diabetes,30,79,7.1,149,HeartDisease,Hyderabad
T0501,Cancer,19,68,6.9,141,None,Pune
T0502,Asthma,27,59,6.3,137,None,Pune
T0503,Asthma,31,69,6.1,130,None,Mumbai
T0504,Asthma,34,60,6.7,144,HeartDisease,Hyderabad
T0505,Hypertension,27,79,6.1,141,None,Chennai
T0506,Diabetes,35,55,7.1,128,None,Mumbai
T0507,Asthma,38,53,6.3,139,HeartDisease,Hyderabad
T0508,Diabetes,31,72,7.7,125,None,Chennai
T0509,Hypertension,32,51,7.0,143,None,Hyderabad
T0510,Diabetes,40,73,7.5,139,None,Delhi
T0511,Asthma,40,68,6.3,124,None,Mumbai
T0512,Asthma,26,71,8.0,149,HeartDisease,Chennai
T0513,Diabetes,29,80,7.9,144,HeartDisease,Pune
T0514,Diabetes,23,80,7.6,122,None,Mumbai
T0515,Asthma,39,70,6.7,142,None,Delhi
T0516,Cancer,37,60,6.9,129,None,Chennai
T0517,Diabetes,29,72,7.9,143,None,Chennai
T0518,Hypertension,39,50,6.8,131,None,Chennai
T0519,Cancer,34,53,7.6,149,None,Bangalore
T0520,Diabetes,24,51,6.2,126,None,Hyderabad
T0521,Hypertension,23,60,7.7,149,None,Mumbai
T0522,Hypertension,25,59,6.1,147,None,Delhi
T0523,Cancer,33,79,7.2,136,None,Hyderabad
T0524,Asthma,29,77,7.2,132,HeartDisease,Hyderabad
T0525,Cancer,40,58,7.2,142,None,Bangalore
T0526,Cancer,21,66,6.1,136,None,Hyderabad
T0527,Cancer,34,51,6.4,137,HeartDisease,Pune
T0528,Hypertension,31,71,6.4,146,None,Bangalore
T0529,Asthma,32,55,7.0,130,HeartDisease,Bangalore
T0530,Cancer,36,64,7.5,121,None,Chennai
T0531,Asthma,33,66,6.3,133,HeartDisease,Pune
T0532,Asthma,18,68,7.1,124,HeartDisease,Mumbai
T0533,Cancer,35,66,7.3,134,None,Bangalore
T0534,Diabetes,35,60,7.3,121,HeartDisease,Delhi
T0535,Cancer,27,72,6.1,140,HeartDisease,Hyderabad
T0536,Diabetes,25,50,7.6,132,HeartDisease,Chennai
T0537,Hypertension,20,75,6.9,121,HeartDisease,Delhi
T0538,Diabetes,23,76,6.4,145,None,Pune
T0539,Cancer,37,73,6.2,120,None,Hyderabad
T0540,Diabetes,39,70,7.1,142,HeartDisease,Bangalore
T0541,Asthma,36,72,8.0,148,HeartDisease,Delhi
T0542,Cancer,34,57,7.0,125,None,Hyderabad
T0543,Diabetes,19,62,6.6,141,None,Pune
T0544,Asthma,40,56,7.1,127,HeartDisease,Mumbai
T0545,Diabetes,38,52,6.5,144,None,Hyderabad
T0546,Hypertension,34,68,7.1,120,HeartDisease,Mumbai
T0547,Asthma,25,79,6.8,129,None,Delhi
T0548,Hypertension,22,78,6.3,127,HeartDisease,Hyderabad
T0549,Asthma,25,79,7.3,142,HeartDisease,Chennai
T0550,Asthma,35,57,7.1,147,HeartDisease,Delhi
T0551,Asthma,36,62,7.5,137,HeartDisease,Mumbai
T0552,Diabetes,30,64,6.6,137,HeartDisease,Mumbai
T0553,Cancer,21,63,7.9,135,None,Chennai
T0554,Diabetes,34,68,6.2,147,HeartDisease,Chennai
T0555,Diabetes,21,79,6.5,123,None,Delhi
T0556,Cancer,27,52,8.0,139,None,Pune
T0557,Cancer,33,59,6.4,133,None,Bangalore
T0558,Cancer,40,79,7.9,127,HeartDisease,Pune
T0559,Asthma,35,76,6.3,144,HeartDisease,Hyderabad
T0560,Cancer,20,71,6.2,145,HeartDisease,Chennai
T0561,Diabetes,20,67,6.7,136,None,Delhi
T0562,Cancer,31,50,6.9,148,HeartDisease,Hyderabad
T0563,Diabetes,24,52,7.5,138,HeartDisease,Chennai
T0564,Asthma,27,57,7.2,135,None,Mumbai
T0565,Diabetes,40,63,6.8,142,None,Pune
T0566,Cancer,29,66,6.5,139,HeartDisease,Delhi
T0567,Cancer,26,70,6.4,150,None,Pune
T0568,Hypertension,19,60,7.8,130,HeartDisease,Hyderabad
T0569,Asthma,40,68,6.7,143,HeartDisease,Bangalore
T0570,Asthma,39,77,6.3,125,HeartDisease,Hyderabad
T0571,Asthma,28,60,7.1,134,HeartDisease,Pune
T0572,Cancer,37,62,7.3,146,None,Delhi
T0573,Hypertension,18,73,6.2,133,None,Pune
T0574,Asthma,18,79,7.8,139,None,Chennai
T0575,Diabetes,28,78,6.3,131,None,Chennai
T0576,Diabetes,33,50,7.0,120,HeartDisease,Hyderabad
T0577,Cancer,31,50,7.8,134,None,Chennai
T0578,Cancer,28,60,6.6,130,HeartDisease,Hyderabad
T0579,Diabetes,24,67,6.4,127,None,Bangalore
T0580,Diabetes,21,60,6.6,149,None,Chennai
T0581,Hypertension,34,68,6.6,139,HeartDisease,Hyderabad
T0582,Hypertension,37,76,6.4,145,None,Bangalore
T0583,Asthma,18,51,7.3,123,HeartDisease,Pune
T0584,Diabetes,19,67,7.0,134,HeartDisease,Bangalore
T0585,Hypertension,34,65,6.6,131,None,Pune
T0586,Diabetes,21,50,7.6,139,HeartDisease,Pune
T0587,Asthma,40,58,6.5,148,HeartDisease,Bangalore
T0588,Diabetes,38,56,6.3,120,None,Hyderabad
T0589,Diabetes,22,72,7.5,142,HeartDisease,Delhi
T0590,Diabetes,25,68,7.1,133,HeartDisease,Pune
T0591,Cancer,21,70,6.9,147,HeartDisease,Chennai
T0592,Hypertension,34,78,7.8,137,None,Bangalore
T0593,Asthma,31,62,6.3,143,HeartDisease,Mumbai
T0594,Asthma,31,55,7.9,147,HeartDisease,Bangalore
T0595,Hypertension,39,57,6.7,123,HeartDisease,Mumbai
T0596,Hypertension,20,75,7.0,124,None,Chennai
T0597,Hypertension,32,56,7.0,126,None,Delhi
T0598,Hypertension,29,58,7.6,142,None,Delhi
T0599,Diabetes,40,78,7.6,120,HeartDisease,Bangalore
T0600,Asthma,31,50,6.6,141,HeartDisease,Bangalore
T0601,Diabetes,27,52,7.6,146,HeartDisease,Pune
T0602,Cancer,18,70,7.8,135,HeartDisease,Mumbai
T0603,Asthma,22,77,6.2,150,HeartDisease,Bangalore
T0604,Asthma,22,76,7.4,121,HeartDisease,Bangalore
T0605,Asthma,34,51,7.9,142,HeartDisease,Mumbai
T0606,Hypertension,36,50,6.1,135,HeartDisease,Delhi
T0607,Hypertension,33,65,7.5,138,HeartDisease,Delhi
T0608,Asthma,39,71,6.3,139,None,Pune
T0609,Cancer,27,54,8.0,134,None,Bangalore
T0610,Diabetes,40,56,7.8,127,None,Mumbai
T0611,Hypertension,33,62,6.7,142,None,Delhi
T0612,Hypertension,40,56,6.6,133,HeartDisease,Pune
T0613,Hypertension,23,57,6.9,143,HeartDisease,Pune
T0614,Asthma,36,68,7.5,138,None,Bangalore
T0615,Asthma,34,61,7.4,120,HeartDisease,Mumbai
T0616,Hypertension,38,79,6.7,129,HeartDisease,Hyderabad
T0617,Cancer,35,50,7.5,142,None,Mumbai
T0618,Hypertension,28,80,7.9,120,HeartDisease,Chennai
T0619,Diabetes,28,57,6.1,136,HeartDisease,Mumbai
T0620,Asthma,20,61,6.8,147,HeartDisease,Delhi
T0621,Asthma,37,75,7.8,120,None,Chennai
T0622,Diabetes,38,78,6.4,129,None,Mumbai
T0623,Cancer,32,51,7.3,147,HeartDisease,Delhi
T0624,Hypertension,29,55,6.4,137,HeartDisease,Mumbai
T0625,Diabetes,22,56,7.0,136,HeartDisease,Bangalore
T0626,Cancer,40,58,8.0,122,HeartDisease,Hyderabad
T0627,Asthma,21,80,7.2,134,None,Hyderabad
T0628,Cancer,28,66,7.0,123,None,Chennai
T0629,Hypertension,29,74,6.3,124,HeartDisease,Mumbai
T0630,Hypertension,36,57,7.9,129,None,Hyderabad
T0631,Diabetes,26,71,7.9,132,None,Mumbai
T0632,Diabetes,28,59,7.3,128,None,Chennai
T0633,Diabetes,21,71,7.9,143,None,Hyderabad
T0634,Cancer,22,78,6.2,145,HeartDisease,Chennai
T0635,Hypertension,37,68,6.7,145,HeartDisease,Pune
T0636,Diabetes,18,71,6.6,144,HeartDisease,Pune
T0637,Asthma,33,74,6.3,141,None,Pune
T0638,Hypertension,24,59,6.7,149,None,Bangalore
T0639,Diabetes,28,55,6.2,138,None,Chennai
T0640,Diabetes,31,71,7.3,122,HeartDisease,Pune
T0641,Cancer,24,55,7.8,131,HeartDisease,Chennai
T0642,Asthma,26,67,7.1,134,HeartDisease,Chennai
T0643,Diabetes,21,55,6.1,147,HeartDisease,Chennai
T0644,Diabetes,38,66,6.8,133,HeartDisease,Pune
T0645,Hypertension,25,57,7.0,124,HeartDisease,Delhi
T0646,Cancer,36,50,6.3,126,None,Bangalore
T0647,Asthma,29,65,7.5,149,None,Bangalore
T0648,Cancer,23,76,7.6,128,HeartDisease,Delhi
T0649,Hypertension,27,56,6.4,145,None,Mumbai
T0650,Cancer,20,79,6.1,149,HeartDisease,Pune
T0651,Hypertension,37,58,6.9,128,None,Delhi
T0652,Asthma,40,57,7.1,130,HeartDisease,Chennai
T0653,Asthma,26,59,7.3,150,None,Hyderabad
T0654,Cancer,32,71,6.9,131,None,Bangalore
T0655,Asthma,35,51,7.0,120,None,Pune
T0656,Cancer,29,59,6.5,137,None,Chennai
T0657,Hypertension,20,64,7.8,121,HeartDisease,Delhi
T0658,Asthma,36,73,7.2,146,None,Chennai
T0659,Asthma,35,71,6.8,121,None,Hyderabad
T0660,Hypertension,19,75,6.8,136,HeartDisease,Pune
T0661,Diabetes,18,77,6.7,128,None,Bangalore
T0662,Cancer,38,74,6.7,146,HeartDisease,Chennai
T0663,Cancer,26,61,6.5,134,HeartDisease,Chennai
T0664,Cancer,36,68,6.3,130,HeartDisease,Mumbai
T0665,Diabetes,31,69,6.7,125,None,Hyderabad
T0666,Hypertension,19,72,7.9,141,None,Delhi
T0667,Asthma,30,63,6.4,139,None,Mumbai
T0668,Diabetes,40,57,6.2,137,HeartDisease,Hyderabad
T0669,Cancer,35,76,7.3,139,HeartDisease,Pune
T0670,Hypertension,29,58,6.3,134,HeartDisease,Hyderabad
T0671,Asthma,24,67,6.7,124,None,Chennai
T0672,Diabetes,36,56,6.3,136,None,Mumbai
T0673,Cancer,27,78,6.2,121,None,Hyderabad
T0674,Asthma,27,58,7.6,140,HeartDisease,Delhi
T0675,Asthma,27,51,7.7,141,HeartDisease,Delhi
T0676,Hypertension,35,76,7.1,122,HeartDisease,Pune
T0677,Diabetes,21,64,6.4,146,None,Mumbai
T0678,Hypertension,18,79,6.6,125,None,Delhi
T0679,Diabetes,39,65,7.0,130,HeartDisease,Delhi
T0680,Cancer,26,77,7.1,147,HeartDisease,Pune
T0681,Asthma,35,55,6.9,134,HeartDisease,Chennai
T0682,Asthma,33,73,7.8,150,HeartDisease,Pune
T0683,Hypertension,18,56,7.2,128,None,Pune
T0684,Asthma,28,55,8.0,132,HeartDisease,Pune
T0685,Asthma,38,78,6.7,122,HeartDisease,Bangalore
T0686,Asthma,34,59,7.6,132,HeartDisease,Bangalore
T0687,Asthma,27,59,6.7,130,None,Delhi
T0688,Asthma,26,78,6.4,133,HeartDisease,Chennai
T0689,Hypertension,32,62,6.6,124,HeartDisease,Bangalore
T0690,Diabetes,21,59,7.1,121,None,Pune
T0691,Cancer,38,51,6.4,120,None,Bangalore
T0692,Diabetes,28,78,7.2,122,HeartDisease,Bangalore
T0693,Diabetes,30,63,6.7,134,None,Hyderabad
T0694,Asthma,38,56,6.6,129,None,Delhi
T0695,Hypertension,36,57,7.4,140,HeartDisease,Delhi
T0696,Diabetes,20,54,7.9,127,HeartDisease,Delhi
T0697,Cancer,26,76,7.4,136,HeartDisease,Hyderabad
T0698,Hypertension,31,65,6.3,128,None,Mumbai
T0699,Hypertension,39,70,7.9,148,HeartDisease,Chennai
T0700,Asthma,28,73,7.6,147,HeartDisease,Bangalore
T0701,Asthma,21,69,7.2,122,HeartDisease,Chennai
T0702,Diabetes,40,58,6.6,140,HeartDisease,Pune
T0703,Cancer,40,75,7.5,127,HeartDisease,Mumbai
T0704,Cancer,28,80,6.2,127,HeartDisease,Hyderabad
T0705,Diabetes,28,54,6.2,120,HeartDisease,Bangalore
T0706,Cancer,31,64,7.7,122,None,Chennai
T0707,Diabetes,25,64,7.3,129,HeartDisease,Delhi
T0708,Hypertension,36,72,6.4,142,None,Chennai
T0709,Cancer,18,78,7.7,130,HeartDisease,Bangalore
T0710,Asthma,33,60,6.3,120,None,Bangalore
T0711,Hypertension,24,56,6.1,142,None,Bangalore
T0712,Hypertension,34,55,7.3,133,HeartDisease,Delhi
T0713,Asthma,34,69,7.4,150,None,Delhi
T0714,Asthma,37,59,7.0,129,None,Pune
T0715,Diabetes,19,70,6.7,147,None,Pune
T0716,Hypertension,18,63,6.2,130,HeartDisease,Hyderabad
T0717,Hypertension,26,62,6.4,149,HeartDisease,Pune
T0718,Hypertension,18,78,6.9,140,HeartDisease,Mumbai
T0719,Cancer,20,58,7.6,135,HeartDisease,Delhi
T0720,Diabetes,34,56,6.4,129,None,Delhi
T0721,Asthma,35,75,7.3,147,HeartDisease,Hyderabad
T0722,Diabetes,40,74,7.3,120,HeartDisease,Pune
T0723,Hypertension,32,64,7.9,136,HeartDisease,Bangalore
T0724,Diabetes,23,73,6.2,149,None,Delhi
T0725,Cancer,38,59,7.8,135,HeartDisease,Hyderabad
T0726,Hypertension,25,70,7.4,132,None,Pune
T0727,Diabetes,38,55,6.1,145,None,Delhi
T0728,Hypertension,24,80,6.2,130,None,Chennai
T0729,Cancer,21,61,6.4,137,None,Chennai
T0730,Cancer,38,62,7.7,131,None,Hyderabad
T0731,Diabetes,36,74,7.6,132,None,Hyderabad
T0732,Cancer,21,62,7.0,144,HeartDisease,Hyderabad
T0733,Hypertension,39,55,7.6,120,HeartDisease,Bangalore
T0734,Asthma,35,67,7.7,138,HeartDisease,Bangalore
T0735,Hypertension,23,61,6.2,143,None,Pune
T0736,Cancer,21,54,6.9,130,None,Delhi
T0737,Diabetes,31,80,7.5,145,HeartDisease,Pune
T0738,Hypertension,37,79,7.8,134,None,Mumbai
T0739,Diabetes,19,77,6.1,147,None,Hyderabad
T0740,Asthma,30,59,7.2,142,None,Mumbai
T0741,Diabetes,33,61,7.2,146,HeartDisease,Chennai
T0742,Asthma,30,51,6.3,120,None,Mumbai
T0743,Hypertension,38,62,8.0,149,HeartDisease,Delhi
T0744,Cancer,21,76,7.6,127,None,Pune
T0745,Cancer,32,80,7.7,145,None,Hyderabad
T0746,Diabetes,39,78,6.4,145,HeartDisease,Hyderabad
T0747,Diabetes,38,65,6.7,121,None,Hyderabad
T0748,Asthma,18,59,7.7,132,HeartDisease,Chennai
T0749,Diabetes,35,79,6.2,127,HeartDisease,Hyderabad
T0750,Hypertension,27,65,6.9,140,HeartDisease,Delhi
T0751,Hypertension,25,50,7.2,131,HeartDisease,Bangalore
T0752,Cancer,36,78,7.3,125,HeartDisease,Bangalore
T0753,Diabetes,31,79,6.1,132,None,Hyderabad
T0754,Asthma,24,60,7.0,123,HeartDisease,Chennai
T0755,Cancer,31,74,7.1,131,None,Chennai
T0756,Cancer,29,62,6.9,147,None,Hyderabad
T0757,Cancer,24,51,6.4,124,HeartDisease,Delhi
T0758,Hypertension,23,54,6.7,139,None,Chennai
T0759,Cancer,18,55,7.9,129,HeartDisease,Delhi
T0760,Asthma,19,66,6.8,138,HeartDisease,Bangalore
T0761,Diabetes,27,71,7.9,137,HeartDisease,Mumbai
T0762,Asthma,23,63,6.1,135,None,Bangalore
T0763,Asthma,22,77,7.3,129,None,Hyderabad
T0764,Asthma,20,74,7.5,140,HeartDisease,Delhi
T0765,Cancer,29,63,7.0,138,HeartDisease,Hyderabad
T0766,Cancer,18,78,6.3,137,HeartDisease,Bangalore
T0767,Diabetes,19,60,7.6,150,HeartDisease,Delhi
T0768,Hypertension,40,56,6.6,137,None,Mumbai
T0769,Diabetes,26,75,7.0,124,None,Mumbai
T0770,Asthma,20,74,7.3,130,None,Pune
T0771,Diabetes,32,71,6.4,141,None,Bangalore
T0772,Asthma,27,55,6.2,138,HeartDisease,Pune
T0773,Diabetes,40,60,6.8,145,None,Mumbai
T0774,Cancer,31,72,6.0,121,HeartDisease,Bangalore
T0775,Asthma,20,50,6.0,149,None,Pune
T0776,Asthma,26,62,7.0,134,None,Hyderabad
T0777,Cancer,29,52,6.4,120,None,Mumbai
T0778,Cancer,31,77,7.1,138,None,Delhi
T0779,Hypertension,21,76,7.9,148,HeartDisease,Mumbai
T0780,Asthma,29,66,6.7,144,HeartDisease,Hyderabad
T0781,Hypertension,22,70,6.7,149,None,Hyderabad
T0782,Cancer,36,66,7.4,145,None,Pune
T0783,Hypertension,40,71,7.5,127,HeartDisease,Bangalore
T0784,Asthma,18,55,7.4,138,None,Hyderabad
T0785,Diabetes,28,60,7.4,148,HeartDisease,Chennai
T0786,Diabetes,20,50,6.7,122,HeartDisease,Mumbai
T0787,Asthma,24,60,6.3,136,HeartDisease,Bangalore
T0788,Hypertension,40,53,6.6,150,None,Mumbai
T0789,Diabetes,36,72,7.6,133,HeartDisease,Hyderabad
T0790,Asthma,31,74,6.6,140,HeartDisease,Delhi
T0791,Cancer,34,73,7.6,130,HeartDisease,Delhi
T0792,Hypertension,19,71,7.5,135,HeartDisease,Mumbai
T0793,Diabetes,38,54,7.9,145,None,Mumbai
T0794,Diabetes,24,76,7.5,134,None,Mumbai
T0795,Asthma,19,58,6.7,150,HeartDisease,Chennai
T0796,Asthma,27,64,7.7,146,None,Bangalore
T0797,Cancer,30,72,6.7,144,None,Pune
T0798,Diabetes,22,55,6.9,134,HeartDisease,Hyderabad
T0799,Diabetes,26,60,6.7,148,None,Delhi
T0800,Hypertension,27,72,6.3,129,HeartDisease,Mumbai
T0801,Diabetes,33,76,7.1,131,None,Delhi
T0802,Asthma,29,73,6.5,128,HeartDisease,Hyderabad
T0803,Asthma,40,58,6.2,124,HeartDisease,Hyderabad
T0804,Cancer,38,52,6.1,141,HeartDisease,Pune
T0805,Cancer,33,56,7.3,129,None,Pune
T0806,Hypertension,19,54,7.8,129,None,Bangalore
T0807,Diabetes,30,64,7.7,140,HeartDisease,Delhi
T0808,Hypertension,36,73,6.3,141,HeartDisease,Delhi
T0809,Cancer,24,79,6.7,135,HeartDisease,Pune
T0810,Diabetes,19,67,6.0,131,HeartDisease,Delhi
T0811,Cancer,30,75,7.2,124,HeartDisease,Mumbai
T0812,Hypertension,31,71,6.8,120,None,Chennai
T0813,Diabetes,20,76,7.6,134,None,Pune
T0814,Diabetes,40,78,6.3,124,HeartDisease,Bangalore
T0815,Asthma,18,57,6.5,126,HeartDisease,Bangalore
T0816,Cancer,30,61,6.9,141,HeartDisease,Hyderabad
T0817,Cancer,39,80,7.4,142,HeartDisease,Mumbai
T0818,Diabetes,40,50,6.2,139,None,Delhi
T0819,Hypertension,18,55,6.7,146,HeartDisease,Hyderabad
T0820,Hypertension,29,78,6.1,148,HeartDisease,Pune
T0821,Cancer,27,77,6.5,150,None,Pune
T0822,Cancer,35,51,7.8,134,None,Delhi
T0823,Diabetes,22,76,6.2,129,HeartDisease,Bangalore
T0824,Hypertension,20,59,6.1,128,None,Delhi
T0825,Asthma,19,79,7.3,140,None,Hyderabad
T0826,Cancer,23,72,6.8,146,None,Pune
T0827,Diabetes,31,62,7.9,137,None,Pune
T0828,Hypertension,23,80,6.4,120,None,Pune
T0829,Hypertension,40,66,6.0,147,None,Pune
T0830,Cancer,21,66,6.2,150,None,Hyderabad
T0831,Diabetes,34,69,7.0,133,None,Hyderabad
T0832,Hypertension,38,50,6.2,133,None,Mumbai
T0833,Diabetes,25,50,6.3,142,HeartDisease,Pune
T0834,Diabetes,18,68,7.0,135,None,Mumbai
T0835,Diabetes,25,55,6.4,132,HeartDisease,Delhi
T0836,Hypertension,40,63,7.3,122,HeartDisease,Delhi
T0837,Diabetes,38,53,7.5,143,None,Mumbai
T0838,Cancer,32,51,6.7,142,HeartDisease,Chennai
T0839,Asthma,36,72,6.0,135,HeartDisease,Mumbai
T0840,Diabetes,18,75,7.3,137,HeartDisease,Chennai
T0841,Diabetes,20,70,7.1,133,None,Bangalore
T0842,Hypertension,20,51,7.9,142,None,Bangalore
T0843,Diabetes,25,60,6.2,130,HeartDisease,Pune
T0844,Asthma,28,74,6.9,140,HeartDisease,Hyderabad
T0845,Cancer,25,73,6.8,146,None,Bangalore
T0846,Hypertension,29,56,6.2,131,None,Hyderabad
T0847,Asthma,30,73,7.0,149,HeartDisease,Hyderabad
T0848,Cancer,37,79,7.1,121,HeartDisease,Delhi
T0849,Asthma,37,62,7.2,124,None,Pune
T0850,Asthma,26,79,7.0,138,HeartDisease,Bangalore
T0851,Hypertension,26,69,6.1,134,HeartDisease,Chennai
T0852,Cancer,40,53,6.5,142,None,Pune
T0853,Asthma,19,65,6.6,124,None,Mumbai
T0854,Cancer,28,79,7.7,137,HeartDisease,Chennai
T0855,Diabetes,35,55,6.9,129,HeartDisease,Pune
T0856,Cancer,33,52,6.9,135,None,Pune
T0857,Diabetes,26,77,6.6,127,None,Hyderabad
T0858,Hypertension,20,55,6.1,148,None,Mumbai
T0859,Cancer,23,80,7.2,143,HeartDisease,Chennai
T0860,Diabetes,29,78,6.5,139,HeartDisease,Pune
T0861,Hypertension,33,51,6.1,132,None,Hyderabad
T0862,Cancer,24,70,7.9,135,HeartDisease,Pune
T0863,Asthma,36,63,7.5,145,HeartDisease,Bangalore
T0864,Cancer,38,76,7.1,148,HeartDisease,Pune
T0865,Hypertension,26,76,6.9,139,None,Pune
T0866,Hypertension,33,59,6.8,149,None,Hyderabad
T0867,Diabetes,36,66,7.1,123,HeartDisease,Pune
T0868,Cancer,37,77,6.3,138,None,Delhi
T0869,Asthma,39,64,7.9,147,None,Pune
T0870,Diabetes,37,72,7.4,128,HeartDisease,Mumbai
T0871,Diabetes,35,78,7.8,126,None,Pune
T0872,Cancer,32,55,7.9,147,HeartDisease,Hyderabad
T0873,Diabetes,22,73,7.9,137,HeartDisease,Mumbai
T0874,Hypertension,21,75,7.4,137,HeartDisease,Chennai
T0875,Diabetes,20,79,6.7,142,HeartDisease,Bangalore
T0876,Cancer,36,70,7.7,145,HeartDisease,Mumbai
T0877,Diabetes,24,60,7.0,130,None,Chennai
T0878,Cancer,24,65,7.9,137,HeartDisease,Bangalore
T0879,Diabetes,24,68,7.1,135,HeartDisease,Hyderabad
T0880,Asthma,36,73,6.4,130,None,Mumbai
T0881,Diabetes,25,79,6.8,146,HeartDisease,Delhi
T0882,Asthma,32,68,7.5,134,HeartDisease,Delhi
T0883,Hypertension,25,52,6.2,130,None,Delhi
T0884,Hypertension,37,75,7.7,144,HeartDisease,Pune
T0885,Asthma,19,65,7.5,125,HeartDisease,Delhi
T0886,Cancer,33,73,7.1,150,None,Delhi
T0887,Asthma,29,50,6.9,140,None,Pune
T0888,Cancer,40,56,7.7,150,HeartDisease,Hyderabad
T0889,Cancer,21,60,7.3,150,None,Bangalore
T0890,Diabetes,25,79,7.5,135,None,Bangalore
T0891,Cancer,25,77,7.1,125,None,Mumbai
T0892,Diabetes,33,64,7.2,127,HeartDisease,Hyderabad
T0893,Asthma,30,78,7.0,136,None,Pune
T0894,Asthma,38,53,8.0,126,None,Mumbai
T0895,Diabetes,39,52,6.4,138,None,Bangalore
T0896,Diabetes,39,72,8.0,147,None,Mumbai
T0897,Cancer,30,70,6.2,149,None,Pune
T0898,Asthma,19,67,7.7,137,None,Bangalore
T0899,Asthma,31,78,6.7,121,HeartDisease,Bangalore
T0900,Asthma,26,60,7.6,146,None,Delhi
T0901,Diabetes,18,74,7.1,120,HeartDisease,Mumbai
T0902,Diabetes,22,51,7.6,124,None,Hyderabad
T0903,Diabetes,22,60,6.1,142,None,Hyderabad
T0904,Asthma,36,69,7.0,137,HeartDisease,Chennai
T0905,Diabetes,23,79,7.4,140,HeartDisease,Delhi
T0906,Cancer,26,68,8.0,137,None,Mumbai
T0907,Cancer,20,53,6.6,134,HeartDisease,Mumbai
T0908,Hypertension,20,68,7.5,145,None,Pune
T0909,Hypertension,28,68,6.5,126,HeartDisease,Pune
T0910,Asthma,36,55,6.1,149,HeartDisease,Chennai
T0911,Hypertension,19,69,7.6,144,HeartDisease,Delhi
T0912,Diabetes,28,53,7.2,135,HeartDisease,Mumbai
T0913,Diabetes,18,54,7.5,125,None,Mumbai
T0914,Diabetes,22,59,7.8,133,HeartDisease,Bangalore
T0915,Asthma,29,55,7.4,134,None,Chennai
T0916,Asthma,26,79,6.1,140,None,Delhi
T0917,Diabetes,38,50,6.3,126,HeartDisease,Bangalore
T0918,Cancer,39,76,7.0,131,None,Hyderabad
T0919,Diabetes,19,63,7.1,139,HeartDisease,Bangalore
T0920,Hypertension,39,60,6.1,125,None,Pune
T0921,Diabetes,39,76,6.1,149,HeartDisease,Delhi
T0922,Diabetes,39,69,6.3,148,HeartDisease,Pune
T0923,Asthma,20,63,7.3,123,HeartDisease,Chennai
T0924,Diabetes,22,69,6.2,144,HeartDisease,Chennai
T0925,Asthma,22,77,7.6,122,HeartDisease,Mumbai
T0926,Cancer,29,79,7.5,123,None,Mumbai
T0927,Cancer,30,51,6.3,128,HeartDisease,Chennai
T0928,Hypertension,22,55,7.8,145,None,Bangalore
T0929,Asthma,19,58,6.5,126,None,Mumbai
T0930,Cancer,19,66,6.2,127,HeartDisease,Delhi
T0931,Cancer,35,78,7.2,136,HeartDisease,Mumbai
T0932,Diabetes,22,55,7.4,145,None,Hyderabad
T0933,Cancer,34,77,7.2,142,HeartDisease,Hyderabad
T0934,Asthma,20,56,7.6,127,HeartDisease,Bangalore
T0935,Hypertension,21,56,7.7,131,HeartDisease,Bangalore
T0936,Asthma,23,73,6.9,135,HeartDisease,Bangalore
T0937,Asthma,36,50,6.3,121,HeartDisease,Delhi
T0938,Asthma,34,59,7.3,127,HeartDisease,Delhi
T0939,Cancer,28,72,6.3,135,None,Chennai
T0940,Asthma,34,74,7.4,150,None,Hyderabad
T0941,Hypertension,24,55,8.0,148,HeartDisease,Bangalore
T0942,Cancer,39,64,6.0,142,HeartDisease,Hyderabad
T0943,Diabetes,27,51,6.8,120,HeartDisease,Bangalore
T0944,Hypertension,24,78,7.9,129,HeartDisease,Delhi
T0945,Diabetes,28,75,7.3,143,HeartDisease,Hyderabad
T0946,Hypertension,22,72,7.6,121,HeartDisease,Pune
T0947,Cancer,19,74,7.3,130,None,Hyderabad
T0948,Cancer,38,76,8.0,147,HeartDisease,Chennai
T0949,Asthma,33,68,6.2,130,None,Bangalore
T0950,Hypertension,31,58,7.4,124,HeartDisease,Bangalore
T0951,Asthma,28,72,6.2,127,HeartDisease,Chennai
T0952,Asthma,34,52,7.1,122,HeartDisease,Delhi
T0953,Cancer,36,77,6.7,136,None,Bangalore
T0954,Diabetes,33,56,7.7,129,HeartDisease,Delhi
T0955,Diabetes,18,66,6.8,130,HeartDisease,Pune
T0956,Diabetes,32,75,7.0,137,None,Mumbai
T0957,Asthma,33,62,6.9,141,None,Chennai
T0958,Diabetes,38,70,7.1,143,HeartDisease,Hyderabad
T0959,Asthma,18,63,7.1,132,HeartDisease,Delhi
T0960,Cancer,21,74,7.8,136,HeartDisease,Mumbai
T0961,Cancer,22,60,6.8,146,HeartDisease,Delhi
T0962,Cancer,21,55,6.6,128,HeartDisease,Bangalore
T0963,Cancer,38,50,6.5,133,HeartDisease,Chennai
T0964,Diabetes,26,55,7.1,126,None,Hyderabad
T0965,Cancer,34,55,7.7,120,HeartDisease,Mumbai
T0966,Hypertension,20,67,8.0,139,HeartDisease,Mumbai
T0967,Cancer,30,53,7.6,139,None,Hyderabad
T0968,Asthma,28,66,7.9,136,None,Pune
T0969,Cancer,19,53,7.2,141,HeartDisease,Pune
T0970,Hypertension,24,78,7.5,123,HeartDisease,Mumbai
T0971,Asthma,29,72,6.6,138,None,Delhi
T0972,Hypertension,33,67,7.5,138,None,Pune
T0973,Cancer,20,62,7.3,140,None,Delhi
T0974,Diabetes,36,65,6.1,125,HeartDisease,Bangalore
T0975,Asthma,40,70,7.0,124,HeartDisease,Hyderabad
T0976,Diabetes,20,57,7.7,143,None,Bangalore
T0977,Cancer,33,64,7.6,123,HeartDisease,Chennai
T0978,Diabetes,32,50,7.0,149,HeartDisease,Pune
T0979,Cancer,29,72,6.4,148,HeartDisease,Hyderabad
T0980,Hypertension,35,64,7.5,124,HeartDisease,Delhi
T0981,Hypertension,38,58,6.8,129,None,Hyderabad
T0982,Cancer,38,71,7.4,131,HeartDisease,Delhi
T0983,Diabetes,24,66,6.1,145,None,Chennai
T0984,Asthma,27,58,7.9,125,HeartDisease,Hyderabad
T0985,Hypertension,28,50,6.8,143,HeartDisease,Delhi
T0986,Cancer,34,77,6.6,120,HeartDisease,Hyderabad
T0987,Hypertension,33,62,7.3,125,None,Pune
T0988,Hypertension,21,59,6.8,147,None,Chennai
T0989,Diabetes,27,56,6.9,122,None,Bangalore
T0990,Asthma,33,79,6.6,147,HeartDisease,Bangalore
T0991,Asthma,21,51,7.4,135,None,Mumbai
T0992,Diabetes,38,75,7.4,144,HeartDisease,Chennai
T0993,Asthma,32,69,7.1,140,HeartDisease,Pune
T0994,Hypertension,29,62,7.8,150,HeartDisease,Pune
T0995,Diabetes,40,69,6.7,141,None,Mumbai
T0996,Cancer,28,70,7.6,139,None,Mumbai
T0997,Cancer,39,60,6.4,131,HeartDisease,Delhi
T0998,Cancer,27,79,6.5,146,HeartDisease,Pune
T0999,Diabetes,21,61,6.8,121,None,Pune
T1000,Asthma,39,71,6.9,122,HeartDisease,Bangalore
T1001,Asthma,39,59,7.5,140,HeartDisease,Chennai
T1002,Hypertension,38,61,6.6,133,None,Mumbai
T1003,Asthma,38,63,6.2,145,HeartDisease,Pune
T1004,Diabetes,29,79,7.3,134,None,Chennai
T1005,Hypertension,36,77,6.5,130,HeartDisease,Pune
T1006,Hypertension,29,66,6.5,128,None,Delhi
T1007,Cancer,35,67,6.0,147,HeartDisease,Delhi
T1008,Cancer,28,69,6.0,141,HeartDisease,Bangalore
T1009,Hypertension,27,72,7.5,140,None,Pune
T1010,Hypertension,40,80,7.3,136,None,Mumbai
T1011,Asthma,26,74,7.0,140,HeartDisease,Bangalore
T1012,Diabetes,22,51,6.4,138,None,Bangalore
T1013,Cancer,28,52,7.2,122,None,Pune
T1014,Cancer,27,59,7.5,150,HeartDisease,Pune
T1015,Hypertension,39,61,8.0,127,None,Bangalore
T1016,Cancer,36,67,7.1,141,HeartDisease,Chennai
T1017,Diabetes,36,78,6.4,144,None,Chennai
T1018,Diabetes,30,58,7.6,131,HeartDisease,Bangalore
T1019,Asthma,33,78,6.0,138,HeartDisease,Delhi
T1020,Cancer,37,73,7.6,141,None,Delhi
T1021,Cancer,20,58,6.6,121,None,Mumbai
T1022,Diabetes,23,68,7.2,138,None,Hyderabad
T1023,Cancer,40,57,6.0,129,HeartDisease,Hyderabad
T1024,Hypertension,34,76,7.6,140,HeartDisease,Delhi
T1025,Diabetes,22,80,6.6,141,None,Chennai
T1026,Hypertension,22,64,7.2,122,HeartDisease,Hyderabad
T1027,Cancer,24,70,7.1,135,HeartDisease,Bangalore
T1028,Diabetes,26,75,6.5,139,None,Bangalore
T1029,Hypertension,24,66,7.9,132,HeartDisease,Chennai
T1030,Hypertension,22,73,6.5,122,HeartDisease,Hyderabad
T1031,Asthma,21,76,7.1,126,None,Hyderabad
T1032,Asthma,26,54,7.2,143,None,Chennai
T1033,Asthma,27,55,7.4,141,HeartDisease,Mumbai
T1034,Diabetes,36,65,7.0,120,None,Pune
T1035,Cancer,18,53,6.0,123,HeartDisease,Hyderabad
T1036,Hypertension,32,54,7.4,128,HeartDisease,Pune
T1037,Asthma,21,58,6.5,141,None,Chennai
T1038,Diabetes,24,63,7.2,123,None,Hyderabad
T1039,Asthma,18,65,6.8,134,None,Hyderabad
T1040,Cancer,30,54,6.9,127,None,Chennai
T1041,Diabetes,28,60,6.6,145,HeartDisease,Bangalore
T1042,Diabetes,29,73,7.9,121,HeartDisease,Delhi
T1043,Diabetes,40,70,7.9,120,None,Delhi
T1044,Asthma,40,57,7.3,124,HeartDisease,Bangalore
T1045,Hypertension,21,56,8.0,138,HeartDisease,Delhi
T1046,Diabetes,36,70,8.0,144,HeartDisease,Bangalore
T1047,Asthma,28,66,7.3,146,HeartDisease,Chennai
T1048,Cancer,34,62,7.8,137,None,Chennai
T1049,Diabetes,23,67,7.8,133,None,Delhi
T1050,Cancer,38,78,7.3,125,HeartDisease,Pune
T1051,Diabetes,22,52,6.6,130,HeartDisease,Bangalore
T1052,Cancer,22,56,6.3,146,None,Delhi
T1053,Hypertension,39,50,7.3,130,None,Pune
T1054,Hypertension,39,55,7.3,148,HeartDisease,Bangalore
T1055,Cancer,29,70,7.3,149,None,Delhi
T1056,Hypertension,36,51,6.7,123,HeartDisease,Hyderabad
T1057,Asthma,30,56,7.8,149,None,Delhi
T1058,Asthma,27,69,7.2,148,None,Pune
T1059,Cancer,39,59,7.2,136,HeartDisease,Delhi
T1060,Diabetes,30,63,7.8,137,HeartDisease,Pune
T1061,Hypertension,39,68,7.4,138,None,Hyderabad
T1062,Asthma,28,66,7.5,133,None,Hyderabad
T1063,Asthma,33,68,6.4,135,HeartDisease,Chennai
T1064,Asthma,34,53,7.1,136,HeartDisease,Chennai
T1065,Cancer,21,53,7.7,139,None,Delhi
T1066,Hypertension,38,52,6.4,142,None,Chennai
T1067,Asthma,18,64,7.3,139,HeartDisease,Hyderabad
T1068,Asthma,29,53,8.0,121,None,Mumbai
T1069,Cancer,19,53,6.1,142,None,Chennai
T1070,Cancer,34,73,7.6,139,HeartDisease,Chennai
T1071,Hypertension,40,55,7.2,123,HeartDisease,Chennai
T1072,Asthma,35,63,6.3,122,HeartDisease,Hyderabad
T1073,Cancer,31,57,6.3,132,HeartDisease,Hyderabad
T1074,Diabetes,24,53,6.9,137,None,Delhi
T1075,Diabetes,34,70,6.7,130,None,Pune
T1076,Cancer,25,58,7.4,140,None,Hyderabad
T1077,Cancer,30,71,6.8,131,None,Mumbai
T1078,Diabetes,21,67,6.0,148,HeartDisease,Pune
T1079,Hypertension,39,78,6.3,134,None,Chennai
T1080,Asthma,32,51,7.5,138,HeartDisease,Mumbai
T1081,Hypertension,34,73,6.7,147,HeartDisease,Hyderabad
T1082,Asthma,35,50,6.4,124,None,Pune
T1083,Asthma,31,76,6.4,133,HeartDisease,Chennai
T1084,Hypertension,37,57,7.7,148,HeartDisease,Pune
T1085,Hypertension,30,59,7.9,140,None,Mumbai
T1086,Hypertension,39,77,7.5,131,HeartDisease,Hyderabad
T1087,Asthma,25,55,7.2,130,HeartDisease,Hyderabad
T1088,Hypertension,27,63,7.6,143,None,Bangalore
T1089,Hypertension,19,53,6.2,125,None,Chennai
T1090,Asthma,27,72,7.1,134,None,Hyderabad
T1091,Diabetes,34,52,6.1,147,None,Chennai
T1092,Asthma,30,50,6.4,137,HeartDisease,Mumbai
T1093,Hypertension,24,51,6.3,121,HeartDisease,Delhi
T1094,Hypertension,36,63,6.7,127,HeartDisease,Mumbai
T1095,Cancer,39,69,6.9,126,None,Mumbai
T1096,Hypertension,19,54,7.3,136,None,Delhi
T1097,Diabetes,33,67,7.2,142,HeartDisease,Delhi
T1098,Asthma,26,72,7.3,141,None,Hyderabad
T1099,Diabetes,30,69,7.9,142,None,Delhi
T1100,Cancer,35,68,6.6,121,HeartDisease,Bangalore
T1101,Cancer,36,56,7.0,148,None,Pune
T1102,Diabetes,34,57,7.3,129,None,Mumbai
T1103,Cancer,31,54,7.0,138,HeartDisease,Bangalore
T1104,Diabetes,29,50,7.9,136,HeartDisease,Delhi
T1105,Hypertension,29,56,6.3,137,None,Hyderabad
T1106,Cancer,21,69,6.2,123,None,Mumbai
T1107,Asthma,19,70,7.9,121,HeartDisease,Delhi
T1108,Asthma,18,80,7.4,142,None,Chennai
T1109,Diabetes,32,52,7.9,138,HeartDisease,Mumbai
T1110,Asthma,34,52,7.5,148,None,Mumbai
T1111,Cancer,25,76,6.8,129,HeartDisease,Mumbai
T1112,Cancer,19,72,6.8,135,None,Hyderabad
T1113,Cancer,27,56,6.5,134,None,Hyderabad
T1114,Hypertension,29,51,6.6,148,None,Chennai
T1115,Asthma,20,52,7.8,135,None,Mumbai
T1116,Cancer,36,50,6.5,131,HeartDisease,Bangalore
T1117,Asthma,32,55,6.9,141,HeartDisease,Chennai
T1118,Cancer,20,77,6.3,147,HeartDisease,Hyderabad
T1119,Diabetes,33,58,6.7,141,None,Mumbai
T1120,Diabetes,26,58,6.8,134,HeartDisease,Pune
T1121,Asthma,29,73,6.5,143,None,Chennai
T1122,Cancer,28,67,6.3,129,HeartDisease,Chennai
T1123,Cancer,32,63,6.1,128,None,Pune
T1124,Hypertension,20,59,7.6,121,None,Chennai
T1125,Hypertension,33,67,7.6,139,HeartDisease,Chennai
T1126,Cancer,38,65,6.9,120,HeartDisease,Delhi
T1127,Hypertension,25,62,7.2,130,None,Delhi
T1128,Cancer,27,61,7.0,150,None,Bangalore
T1129,Hypertension,27,62,7.7,130,None,Chennai
T1130,Hypertension,21,65,8.0,135,None,Delhi
T1131,Cancer,24,50,7.2,137,None,Mumbai
T1132,Asthma,36,67,6.6,125,HeartDisease,Mumbai
T1133,Asthma,29,58,6.5,143,None,Hyderabad
T1134,Hypertension,24,62,7.7,137,None,Mumbai
T1135,Cancer,24,58,7.7,124,HeartDisease,Hyderabad
T1136,Asthma,39,51,7.7,135,HeartDisease,Pune
T1137,Hypertension,23,53,7.0,142,None,Pune
T1138,Diabetes,34,52,6.7,137,HeartDisease,Pune
T1139,Diabetes,18,65,7.5,123,HeartDisease,Mumbai
T1140,Diabetes,27,76,7.0,135,HeartDisease,Delhi
T1141,Asthma,24,79,7.9,125,None,Bangalore
T1142,Asthma,40,75,6.6,132,None,Bangalore
T1143,Diabetes,31,51,7.0,137,HeartDisease,Delhi
T1144,Hypertension,32,79,7.6,121,HeartDisease,Mumbai
T1145,Cancer,31,57,7.5,145,None,Hyderabad
T1146,Hypertension,40,60,6.9,149,HeartDisease,Pune
T1147,Diabetes,29,50,6.3,120,HeartDisease,Hyderabad
T1148,Asthma,31,51,6.1,140,None,Chennai
T1149,Asthma,28,69,6.3,139,None,Bangalore
T1150,Hypertension,26,67,7.2,123,HeartDisease,Mumbai
T1151,Asthma,20,57,6.8,129,HeartDisease,Chennai
T1152,Hypertension,20,73,7.3,132,None,Bangalore
T1153,Asthma,39,77,7.5,134,HeartDisease,Delhi
T1154,Cancer,32,64,7.8,138,None,Delhi
T1155,Hypertension,27,67,6.4,129,None,Hyderabad
T1156,Hypertension,27,80,6.6,130,HeartDisease,Pune
T1157,Asthma,36,67,7.3,123,None,Pune
T1158,Diabetes,27,50,6.9,127,None,Delhi
T1159,Cancer,26,54,6.8,137,HeartDisease,Chennai
T1160,Asthma,35,54,7.0,129,None,Mumbai
T1161,Asthma,32,52,6.2,147,HeartDisease,Bangalore
T1162,Diabetes,35,51,6.7,131,HeartDisease,Chennai
T1163,Cancer,34,53,7.1,122,None,Delhi
T1164,Asthma,32,66,7.2,128,HeartDisease,Bangalore
T1165,Asthma,31,52,6.6,137,None,Chennai
T1166,Hypertension,28,58,7.2,133,HeartDisease,Hyderabad
T1167,Cancer,36,73,7.3,136,HeartDisease,Mumbai
T1168,Diabetes,21,79,7.5,122,None,Mumbai
T1169,Asthma,32,66,7.0,137,None,Hyderabad
T1170,Diabetes,18,80,7.5,135,None,Hyderabad
T1171,Cancer,25,75,7.6,130,None,Delhi
T1172,Hypertension,38,70,6.3,144,None,Delhi
T1173,Hypertension,25,60,7.7,145,None,Hyderabad
T1174,Cancer,31,52,7.5,141,None,Pune
T1175,Diabetes,36,70,6.0,131,HeartDisease,Mumbai
T1176,Asthma,34,65,6.8,147,HeartDisease,Chennai
T1177,Cancer,36,55,7.4,130,None,Hyderabad
T1178,Asthma,39,74,6.7,142,HeartDisease,Pune
T1179,Asthma,35,78,7.1,125,HeartDisease,Hyderabad
T1180,Cancer,33,54,7.1,123,HeartDisease,Chennai
T1181,Diabetes,26,56,7.9,123,HeartDisease,Hyderabad
T1182,Diabetes,26,66,6.6,132,HeartDisease,Bangalore
T1183,Cancer,22,76,6.2,133,None,Pune
T1184,Hypertension,31,77,7.5,140,None,Pune
T1185,Diabetes,23,64,6.8,122,HeartDisease,Hyderabad
T1186,Cancer,22,58,7.0,145,None,Chennai
T1187,Cancer,19,55,7.6,142,HeartDisease,Chennai
T1188,Cancer,37,54,6.6,140,None,Mumbai
T1189,Asthma,32,61,6.0,134,HeartDisease,Mumbai
T1190,Diabetes,36,75,7.6,125,None,Mumbai
T1191,Cancer,37,60,6.1,134,None,Mumbai
T1192,Cancer,32,73,6.7,124,HeartDisease,Pune
T1193,Hypertension,19,58,6.4,129,HeartDisease,Pune
T1194,Asthma,26,75,7.6,128,HeartDisease,Hyderabad
T1195,Cancer,36,50,7.2,127,None,Pune
T1196,Hypertension,22,79,7.6,145,None,Chennai
T1197,Diabetes,25,66,6.4,145,None,Pune
T1198,Asthma,28,56,6.1,138,HeartDisease,Chennai
T1199,Hypertension,21,57,6.9,149,None,Bangalore
T1200,Diabetes,33,58,7.2,125,None,Bangalore
T1201,Cancer,38,54,6.8,121,HeartDisease,Bangalore
T1202,Cancer,29,79,7.7,146,HeartDisease,Hyderabad
T1203,Asthma,20,57,6.3,133,None,Chennai
T1204,Hypertension,22,55,6.9,126,HeartDisease,Pune
T1205,Cancer,18,62,7.5,137,None,Chennai
T1206,Asthma,19,71,6.6,141,HeartDisease,Mumbai
T1207,Hypertension,33,67,7.5,128,None,Mumbai
T1208,Hypertension,19,55,6.9,145,HeartDisease,Bangalore
T1209,Cancer,32,59,6.4,148,HeartDisease,Chennai
T1210,Asthma,32,56,7.5,120,None,Delhi
T1211,Asthma,36,65,7.7,136,None,Hyderabad
T1212,Diabetes,30,52,7.3,120,None,Delhi
T1213,Asthma,22,58,7.0,145,HeartDisease,Delhi
T1214,Diabetes,39,52,6.8,129,None,Delhi
T1215,Diabetes,36,57,7.0,127,None,Hyderabad
T1216,Hypertension,37,76,6.5,135,HeartDisease,Pune
T1217,Cancer,40,71,7.1,135,None,Pune
T1218,Hypertension,39,67,6.5,143,None,Bangalore
T1219,Hypertension,34,80,6.5,145,None,Pune
T1220,Cancer,18,61,7.1,149,HeartDisease,Pune
T1221,Cancer,26,63,6.9,130,HeartDisease,Pune
T1222,Hypertension,24,51,7.2,144,HeartDisease,Delhi
T1223,Hypertension,35,73,6.2,148,HeartDisease,Hyderabad
T1224,Diabetes,32,70,7.1,137,HeartDisease,Pune
T1225,Hypertension,31,68,6.5,128,HeartDisease,Hyderabad
T1226,Cancer,28,79,6.1,132,HeartDisease,Hyderabad
T1227,Diabetes,27,63,6.2,130,None,Mumbai
T1228,Diabetes,18,75,6.4,123,None,Pune
T1229,Hypertension,38,57,6.9,133,HeartDisease,Bangalore
T1230,Cancer,28,64,7.7,120,HeartDisease,Bangalore
T1231,Asthma,29,62,6.7,135,HeartDisease,Hyderabad
T1232,Hypertension,27,75,6.3,120,HeartDisease,Hyderabad
T1233,Asthma,28,75,6.2,128,None,Mumbai
T1234,Asthma,34,53,6.1,124,HeartDisease,Delhi
T1235,Cancer,30,80,7.6,126,HeartDisease,Bangalore
T1236,Hypertension,40,54,7.2,121,None,Chennai
T1237,Diabetes,35,80,7.4,142,HeartDisease,Delhi
T1238,Hypertension,28,76,7.1,136,None,Chennai
T1239,Hypertension,32,65,7.8,126,None,Pune
T1240,Cancer,39,65,6.1,121,HeartDisease,Bangalore
T1241,Hypertension,24,58,7.5,144,None,Hyderabad
T1242,Diabetes,22,54,7.0,124,None,Mumbai
T1243,Diabetes,28,72,7.8,120,HeartDisease,Bangalore
T1244,Asthma,26,75,6.5,140,HeartDisease,Mumbai
T1245,Diabetes,38,70,6.6,150,HeartDisease,Hyderabad
T1246,Cancer,18,72,7.7,121,HeartDisease,Hyderabad
T1247,Diabetes,36,65,6.2,129,HeartDisease,Mumbai
T1248,Cancer,33,53,6.6,144,None,Mumbai
T1249,Cancer,31,52,6.6,131,HeartDisease,Chennai
T1250,Asthma,33,76,6.7,135,HeartDisease,Delhi
T1251,Asthma,22,59,7.7,134,HeartDisease,Delhi
T1252,Cancer,31,80,7.5,121,None,Pune
T1253,Cancer,39,56,7.4,134,None,Hyderabad
T1254,Cancer,40,61,7.9,131,None,Delhi
T1255,Cancer,22,74,7.5,138,HeartDisease,Delhi
T1256,Hypertension,33,67,7.7,132,HeartDisease,Pune
T1257,Asthma,29,77,6.4,132,None,Mumbai
T1258,Hypertension,19,55,8.0,125,HeartDisease,Pune
T1259,Cancer,25,63,7.4,148,HeartDisease,Pune
T1260,Cancer,29,65,7.0,122,HeartDisease,Mumbai
T1261,Hypertension,19,70,6.8,129,None,Hyderabad
T1262,Cancer,24,65,6.6,144,None,Chennai
T1263,Hypertension,30,59,6.6,122,None,Mumbai
T1264,Cancer,34,52,6.2,146,None,Delhi
T1265,Cancer,33,53,6.9,148,HeartDisease,Bangalore
T1266,Cancer,38,79,7.7,135,None,Bangalore
T1267,Asthma,39,52,6.3,126,None,Pune
T1268,Asthma,31,64,7.0,125,HeartDisease,Delhi
T1269,Hypertension,24,79,7.2,128,HeartDisease,Bangalore
T1270,Hypertension,24,62,6.9,142,HeartDisease,Pune
T1271,Asthma,30,64,7.8,137,HeartDisease,Mumbai
T1272,Diabetes,31,76,7.6,124,None,Bangalore
T1273,Cancer,23,62,6.8,139,HeartDisease,Hyderabad
T1274,Hypertension,23,78,7.4,141,None,Bangalore
T1275,Cancer,27,72,7.7,148,None,Mumbai
T1276,Hypertension,28,52,7.5,149,None,Bangalore
T1277,Diabetes,26,72,6.1,132,HeartDisease,Hyderabad
T1278,Hypertension,34,59,7.7,137,None,Pune
T1279,Asthma,26,54,6.1,121,HeartDisease,Pune
T1280,Cancer,37,55,7.8,127,HeartDisease,Chennai
T1281,Hypertension,29,70,7.7,137,None,Bangalore
T1282,Asthma,33,76,7.1,142,None,Delhi
T1283,Diabetes,30,72,6.3,122,HeartDisease,Bangalore
T1284,Asthma,24,56,7.6,127,None,Mumbai
T1285,Cancer,36,54,7.0,131,None,Pune
T1286,Diabetes,27,55,6.4,144,HeartDisease,Hyderabad
T1287,Diabetes,25,74,6.3,149,HeartDisease,Bangalore
T1288,Asthma,19,69,6.3,125,HeartDisease,Hyderabad
T1289,Hypertension,36,72,6.9,136,None,Pune
T1290,Diabetes,40,68,7.9,131,None,Chennai
T1291,Asthma,40,66,6.5,128,None,Bangalore
T1292,Diabetes,34,71,6.2,130,None,Chennai
T1293,Hypertension,36,76,7.8,131,None,Mumbai
T1294,Asthma,19,55,6.0,134,HeartDisease,Pune
T1295,Cancer,20,74,7.5,141,None,Mumbai
T1296,Hypertension,24,63,6.6,149,None,Delhi
T1297,Cancer,28,60,6.1,124,None,Delhi
T1298,Hypertension,24,62,6.4,138,HeartDisease,Pune
T1299,Asthma,38,67,7.0,141,HeartDisease,Delhi
T1300,Hypertension,20,78,7.8,127,None,Pune
T1301,Diabetes,39,58,7.3,140,HeartDisease,Bangalore
T1302,Asthma,23,60,7.1,137,None,Hyderabad
T1303,Hypertension,21,76,7.3,136,None,Mumbai
T1304,Cancer,21,56,7.8,139,HeartDisease,Mumbai
T1305,Cancer,26,66,7.1,121,HeartDisease,Chennai
T1306,Asthma,40,51,6.8,148,HeartDisease,Delhi
T1307,Diabetes,38,68,7.1,149,HeartDisease,Mumbai
T1308,Diabetes,25,71,6.7,137,HeartDisease,Chennai
T1309,Diabetes,24,50,6.1,136,HeartDisease,Hyderabad
T1310,Asthma,37,55,6.3,145,None,Bangalore
T1311,Hypertension,33,62,6.4,134,None,Hyderabad
T1312,Hypertension,23,73,6.9,148,None,Bangalore
T1313,Asthma,31,61,6.0,129,HeartDisease,Delhi
T1314,Cancer,21,53,6.4,138,HeartDisease,Chennai
T1315,Asthma,37,57,6.2,124,None,Hyderabad
T1316,Asthma,27,69,6.7,141,None,Hyderabad
T1317,Hypertension,26,71,7.6,146,HeartDisease,Delhi
T1318,Hypertension,35,60,6.3,144,None,Hyderabad
T1319,Asthma,20,70,7.9,147,None,Hyderabad
T1320,Hypertension,40,71,6.1,134,None,Delhi
T1321,Diabetes,34,60,6.1,139,None,Mumbai
T1322,Hypertension,29,61,7.9,144,None,Pune
T1323,Diabetes,32,79,7.1,134,HeartDisease,Hyderabad
T1324,Cancer,30,80,7.9,143,HeartDisease,Pune
T1325,Cancer,28,52,7.5,127,HeartDisease,Chennai
T1326,Diabetes,32,76,7.2,135,None,Delhi
T1327,Cancer,36,70,6.7,142,HeartDisease,Bangalore
T1328,Diabetes,32,65,7.0,124,None,Delhi
T1329,Cancer,29,57,7.7,144,HeartDisease,Mumbai
T1330,Hypertension,32,79,6.4,148,HeartDisease,Hyderabad
T1331,Asthma,26,59,7.5,129,HeartDisease,Pune
T1332,Hypertension,34,50,7.1,123,HeartDisease,Hyderabad
T1333,Diabetes,18,70,6.5,145,None,Pune
T1334,Diabetes,31,55,7.2,134,None,Chennai
T1335,Hypertension,22,74,7.1,135,HeartDisease,Delhi
T1336,Asthma,34,50,6.6,122,HeartDisease,Hyderabad
T1337,Diabetes,20,60,7.2,144,HeartDisease,Pune
T1338,Asthma,20,61,6.2,149,HeartDisease,Bangalore
T1339,Asthma,37,64,6.4,139,HeartDisease,Hyderabad
T1340,Asthma,25,75,7.1,150,HeartDisease,Hyderabad
T1341,Diabetes,37,64,7.9,131,HeartDisease,Mumbai
T1342,Cancer,33,67,7.8,129,None,Hyderabad
T1343,Diabetes,39,74,6.1,136,HeartDisease,Delhi
T1344,Cancer,30,55,6.1,127,None,Bangalore
T1345,Diabetes,37,56,6.5,146,None,Pune
T1346,Hypertension,34,63,6.2,150,None,Pune
T1347,Asthma,22,80,7.9,140,None,Pune
T1348,Hypertension,40,59,6.1,147,None,Pune
T1349,Asthma,31,75,7.9,127,HeartDisease,Mumbai
T1350,Asthma,21,76,6.2,146,HeartDisease,Bangalore
T1351,Asthma,35,63,6.9,145,None,Bangalore
T1352,Diabetes,35,59,7.9,139,None,Delhi
T1353,Hypertension,28,50,6.1,132,None,Bangalore
T1354,Cancer,40,67,6.7,134,HeartDisease,Chennai
T1355,Asthma,20,79,7.8,129,None,Pune
T1356,Diabetes,22,55,8.0,135,HeartDisease,Chennai
T1357,Cancer,20,56,6.4,127,HeartDisease,Bangalore
T1358,Asthma,36,70,6.3,133,HeartDisease,Bangalore
T1359,Cancer,39,58,7.5,122,HeartDisease,Hyderabad
T1360,Hypertension,19,76,6.5,141,HeartDisease,Mumbai
T1361,Cancer,28,77,6.7,121,None,Mumbai
T1362,Diabetes,30,53,6.1,122,None,Pune
T1363,Cancer,31,50,7.7,123,None,Delhi
T1364,Hypertension,23,59,7.8,140,None,Mumbai
T1365,Diabetes,39,68,6.3,134,HeartDisease,Pune
T1366,Cancer,26,50,6.9,134,HeartDisease,Bangalore
T1367,Diabetes,33,78,6.6,122,None,Bangalore
T1368,Cancer,35,69,7.1,135,None,Mumbai
T1369,Diabetes,23,78,7.4,143,None,Mumbai
T1370,Asthma,20,73,6.4,134,None,Chennai
T1371,Hypertension,40,57,6.7,136,None,Delhi
T1372,Asthma,22,51,6.8,124,HeartDisease,Bangalore
T1373,Asthma,20,53,7.5,134,HeartDisease,Pune
T1374,Asthma,18,54,6.4,121,HeartDisease,Mumbai
T1375,Hypertension,36,76,7.7,143,HeartDisease,Delhi
T1376,Diabetes,25,73,6.5,148,None,Bangalore
T1377,Hypertension,24,50,6.6,137,None,Delhi
T1378,Cancer,29,63,7.9,131,HeartDisease,Bangalore
T1379,Asthma,22,79,7.8,123,None,Mumbai
T1380,Diabetes,23,71,7.3,145,None,Delhi
T1381,Cancer,33,76,7.0,121,None,Pune
T1382,Diabetes,19,75,7.5,139,HeartDisease,Chennai
T1383,Cancer,18,66,7.8,149,HeartDisease,Bangalore
T1384,Diabetes,35,67,7.9,121,HeartDisease,Bangalore
T1385,Cancer,27,53,6.4,126,HeartDisease,Chennai
T1386,Diabetes,32,68,6.6,143,None,Hyderabad
T1387,Diabetes,32,62,7.9,140,None,Delhi
T1388,Diabetes,40,62,6.7,122,HeartDisease,Pune
T1389,Cancer,33,62,7.9,125,HeartDisease,Bangalore
T1390,Asthma,23,79,6.4,123,None,Chennai
T1391,Cancer,33,70,7.0,137,HeartDisease,Pune
T1392,Cancer,33,67,6.3,141,HeartDisease,Hyderabad
T1393,Cancer,22,50,7.4,144,HeartDisease,Delhi
T1394,Cancer,35,59,7.6,147,HeartDisease,Chennai
T1395,Hypertension,40,66,6.2,134,None,Hyderabad
T1396,Asthma,20,75,7.7,141,None,Mumbai
T1397,Asthma,36,54,7.1,127,HeartDisease,Chennai
T1398,Diabetes,18,52,6.5,146,HeartDisease,Hyderabad
T1399,Diabetes,31,52,7.4,130,HeartDisease,Bangalore
T1400,Diabetes,33,63,6.5,140,HeartDisease,Pune
T1401,Cancer,19,51,6.6,145,None,Bangalore
T1402,Diabetes,31,55,7.6,137,None,Hyderabad
T1403,Cancer,18,77,6.5,147,HeartDisease,Pune
T1404,Cancer,23,74,8.0,137,None,Delhi
T1405,Cancer,37,76,6.0,138,None,Bangalore
T1406,Asthma,39,61,6.5,128,None,Chennai
T1407,Asthma,21,50,6.7,149,None,Hyderabad
T1408,Hypertension,32,62,8.0,144,HeartDisease,Pune
T1409,Asthma,34,67,7.3,125,HeartDisease,Hyderabad
T1410,Hypertension,35,59,7.2,144,None,Chennai
T1411,Cancer,27,62,7.9,131,HeartDisease,Bangalore
T1412,Diabetes,23,69,6.1,133,None,Mumbai
T1413,Diabetes,40,52,8.0,142,None,Chennai
T1414,Cancer,35,65,7.3,145,HeartDisease,Bangalore
T1415,Diabetes,36,79,6.6,143,HeartDisease,Hyderabad
T1416,Hypertension,22,78,8.0,144,None,Pune
T1417,Cancer,25,60,7.2,127,HeartDisease,Pune
T1418,Hypertension,27,77,6.1,121,None,Mumbai
T1419,Diabetes,22,66,6.3,129,HeartDisease,Delhi
T1420,Diabetes,25,61,6.0,125,None,Pune
T1421,Cancer,24,51,7.7,149,None,Hyderabad
T1422,Diabetes,32,69,6.0,122,None,Hyderabad
T1423,Hypertension,21,55,6.9,141,HeartDisease,Hyderabad
T1424,Diabetes,21,80,7.3,143,HeartDisease,Hyderabad
T1425,Asthma,30,55,7.6,145,HeartDisease,Chennai
T1426,Hypertension,24,57,6.1,133,None,Hyderabad
T1427,Asthma,37,69,7.2,137,None,Pune
T1428,Asthma,21,70,6.1,127,HeartDisease,Delhi
T1429,Diabetes,32,75,6.3,148,HeartDisease,Mumbai
T1430,Cancer,39,69,6.1,120,None,Delhi
T1431,Cancer,32,54,7.2,146,HeartDisease,Delhi
T1432,Asthma,19,76,7.1,133,HeartDisease,Hyderabad
T1433,Hypertension,26,75,6.6,130,None,Mumbai
T1434,Diabetes,24,68,6.3,124,HeartDisease,Bangalore
T1435,Hypertension,39,79,7.7,143,None,Mumbai
T1436,Hypertension,37,60,7.2,136,None,Hyderabad
T1437,Cancer,36,69,8.0,128,HeartDisease,Mumbai
T1438,Diabetes,34,75,6.3,139,HeartDisease,Hyderabad
T1439,Asthma,36,52,7.7,124,HeartDisease,Mumbai
T1440,Hypertension,24,62,6.9,144,HeartDisease,Bangalore
T1441,Diabetes,23,65,7.9,133,None,Pune
T1442,Cancer,26,68,6.8,125,HeartDisease,Bangalore
T1443,Hypertension,27,52,7.2,150,HeartDisease,Delhi
T1444,Hypertension,29,79,7.9,124,HeartDisease,Pune
T1445,Asthma,18,62,6.6,131,HeartDisease,Mumbai
T1446,Hypertension,21,71,6.5,138,None,Hyderabad
T1447,Asthma,26,70,6.7,142,HeartDisease,Mumbai
T1448,Asthma,32,72,6.2,131,HeartDisease,Chennai
T1449,Cancer,25,51,6.2,139,HeartDisease,Bangalore
T1450,Cancer,38,57,6.6,138,HeartDisease,Hyderabad
T1451,Hypertension,39,50,7.4,123,HeartDisease,Mumbai
T1452,Asthma,24,50,6.2,138,HeartDisease,Pune
T1453,Diabetes,29,71,7.1,121,None,Delhi
T1454,Cancer,21,62,7.7,137,HeartDisease,Delhi
T1455,Asthma,30,68,7.5,123,None,Hyderabad
T1456,Cancer,35,67,7.4,123,HeartDisease,Chennai
T1457,Cancer,28,57,6.4,128,HeartDisease,Chennai
T1458,Hypertension,37,57,7.2,147,None,Bangalore
T1459,Cancer,37,50,7.4,130,None,Delhi
T1460,Hypertension,25,51,6.5,121,None,Mumbai
T1461,Diabetes,23,69,6.8,148,HeartDisease,Chennai
T1462,Asthma,27,65,6.2,126,None,Delhi
T1463,Asthma,21,71,7.5,149,None,Delhi
T1464,Cancer,18,68,7.4,138,HeartDisease,Hyderabad
T1465,Cancer,39,64,6.5,137,None,Pune
T1466,Hypertension,38,51,6.2,136,HeartDisease,Mumbai
T1467,Asthma,38,75,6.0,142,None,Pune
T1468,Diabetes,37,65,7.8,144,HeartDisease,Bangalore
T1469,Cancer,27,76,7.1,127,None,Hyderabad
T1470,Hypertension,28,72,7.2,120,None,Hyderabad
T1471,Cancer,20,70,7.5,150,None,Delhi
T1472,Asthma,22,68,7.3,144,None,Chennai
T1473,Cancer,32,67,7.2,132,HeartDisease,Bangalore
T1474,Cancer,37,75,6.2,146,HeartDisease,Pune
T1475,Diabetes,23,79,6.8,149,None,Bangalore
T1476,Asthma,33,72,6.3,121,None,Bangalore
T1477,Diabetes,39,63,6.9,139,None,Delhi
T1478,Hypertension,40,80,6.2,149,None,Mumbai
T1479,Cancer,36,52,6.4,133,None,Bangalore
T1480,Asthma,26,60,6.2,133,HeartDisease,Hyderabad
T1481,Diabetes,25,63,7.0,132,HeartDisease,Mumbai
T1482,Hypertension,33,59,6.5,148,None,Pune
T1483,Hypertension,29,64,6.9,136,HeartDisease,Bangalore
T1484,Cancer,27,71,6.1,124,None,Pune
T1485,Asthma,19,54,6.9,125,HeartDisease,Delhi
T1486,Hypertension,26,69,7.2,132,HeartDisease,Pune
T1487,Hypertension,33,80,6.9,130,None,Pune
T1488,Cancer,24,68,6.5,150,HeartDisease,Hyderabad
T1489,Cancer,36,51,7.6,137,HeartDisease,Pune
T1490,Asthma,32,63,8.0,126,HeartDisease,Chennai
T1491,Diabetes,23,52,6.9,132,None,Delhi
T1492,Cancer,23,50,6.6,121,None,Hyderabad
T1493,Asthma,22,63,6.7,126,None,Bangalore
T1494,Diabetes,36,65,7.0,126,HeartDisease,Delhi
T1495,Cancer,31,71,6.6,126,HeartDisease,Pune
T1496,Hypertension,28,75,6.0,139,HeartDisease,Chennai
T1497,Hypertension,25,57,6.2,123,None,Delhi
T1498,Asthma,37,60,7.0,130,HeartDisease,Delhi
T1499,Asthma,21,57,6.8,120,HeartDisease,Mumbai
T1500,Diabetes,39,74,7.8,131,None,Chennai
T1501,Asthma,35,72,7.1,133,HeartDisease,Pune
T1502,Diabetes,30,66,6.9,128,None,Chennai
T1503,Asthma,30,71,7.1,136,HeartDisease,Delhi
T1504,Hypertension,25,72,7.0,143,HeartDisease,Delhi
T1505,Asthma,25,76,6.5,127,HeartDisease,Hyderabad
T1506,Hypertension,37,73,6.7,129,HeartDisease,Pune
T1507,Asthma,22,76,7.0,145,None,Pune
T1508,Asthma,34,77,6.3,138,None,Pune
T1509,Asthma,20,76,6.2,122,HeartDisease,Pune
T1510,Diabetes,26,71,6.2,127,None,Bangalore
T1511,Asthma,37,75,6.6,136,HeartDisease,Delhi
T1512,Asthma,19,62,6.7,124,HeartDisease,Delhi
T1513,Asthma,33,77,6.1,120,None,Bangalore
T1514,Hypertension,29,64,6.4,137,None,Pune
T1515,Diabetes,18,63,6.3,132,None,Delhi
T1516,Diabetes,39,76,7.8,146,HeartDisease,Delhi
T1517,Cancer,25,57,7.7,134,None,Hyderabad
T1518,Diabetes,28,61,6.0,133,None,Chennai
T1519,Diabetes,29,64,7.0,147,None,Bangalore
T1520,Hypertension,30,74,7.1,136,HeartDisease,Hyderabad
T1521,Asthma,21,63,7.6,148,HeartDisease,Bangalore
T1522,Hypertension,29,78,6.2,142,None,Pune
T1523,Diabetes,32,78,6.8,120,HeartDisease,Mumbai
T1524,Asthma,32,69,6.3,144,HeartDisease,Chennai
T1525,Asthma,39,72,7.8,149,None,Hyderabad
T1526,Diabetes,18,77,6.8,127,None,Delhi
T1527,Asthma,34,54,6.7,135,HeartDisease,Delhi
T1528,Diabetes,37,58,6.7,120,None,Chennai
T1529,Diabetes,39,70,6.2,138,HeartDisease,Delhi
T1530,Asthma,40,70,7.6,139,None,Hyderabad
T1531,Hypertension,23,76,6.5,135,None,Hyderabad
T1532,Hypertension,38,57,6.6,125,None,Pune
T1533,Asthma,23,69,7.5,125,None,Chennai
T1534,Hypertension,34,72,6.3,125,HeartDisease,Delhi
T1535,Diabetes,30,77,7.0,143,None,Pune
T1536,Diabetes,35,71,6.8,139,None,Delhi
T1537,Cancer,28,80,7.3,150,HeartDisease,Chennai
T1538,Hypertension,31,56,6.5,132,None,Mumbai
T1539,Diabetes,23,68,7.7,149,HeartDisease,Chennai
T1540,Diabetes,30,57,7.0,131,None,Mumbai
T1541,Cancer,29,54,7.4,138,HeartDisease,Mumbai
T1542,Cancer,29,70,7.9,136,HeartDisease,Pune
T1543,Asthma,20,56,7.2,138,None,Chennai
T1544,Hypertension,35,76,7.5,147,HeartDisease,Mumbai
T1545,Diabetes,18,50,6.4,131,HeartDisease,Hyderabad
T1546,Diabetes,38,51,7.0,128,HeartDisease,Hyderabad
T1547,Asthma,23,59,7.2,122,HeartDisease,Delhi
T1548,Hypertension,32,66,7.8,139,None,Hyderabad
T1549,Hypertension,38,74,6.8,139,HeartDisease,Pune
T1550,Cancer,33,77,7.0,125,HeartDisease,Hyderabad
T1551,Asthma,34,77,7.1,135,None,Chennai
T1552,Diabetes,18,56,6.2,144,HeartDisease,Pune
T1553,Diabetes,36,72,7.4,135,HeartDisease,Mumbai
T1554,Hypertension,22,62,6.7,150,HeartDisease,Bangalore
T1555,Asthma,20,66,7.7,126,HeartDisease,Hyderabad
T1556,Diabetes,25,51,7.5,123,None,Bangalore
T1557,Asthma,39,80,7.1,150,None,Delhi
T1558,Asthma,25,75,7.0,133,None,Bangalore
T1559,Hypertension,32,73,6.2,121,None,Delhi
T1560,Diabetes,33,53,7.8,129,HeartDisease,Delhi
T1561,Diabetes,36,66,6.5,124,None,Delhi
T1562,Hypertension,40,68,6.6,134,None,Hyderabad
T1563,Cancer,19,78,7.2,142,None,Delhi
T1564,Hypertension,27,52,6.1,125,None,Delhi
T1565,Cancer,27,50,7.6,132,None,Delhi
T1566,Diabetes,28,63,6.8,126,HeartDisease,Delhi
T1567,Hypertension,32,50,6.6,129,None,Hyderabad
T1568,Cancer,35,79,7.9,149,HeartDisease,Chennai
T1569,Asthma,27,80,7.6,148,None,Chennai
T1570,Diabetes,37,53,6.1,128,HeartDisease,Mumbai
T1571,Asthma,39,68,6.3,122,None,Hyderabad
T1572,Diabetes,31,64,7.2,122,HeartDisease,Hyderabad
T1573,Diabetes,28,54,7.3,140,None,Mumbai
T1574,Hypertension,27,77,7.5,133,HeartDisease,Delhi
T1575,Diabetes,37,67,7.2,146,HeartDisease,Mumbai
T1576,Cancer,36,74,6.4,150,None,Mumbai
T1577,Asthma,38,76,6.9,127,None,Delhi
T1578,Diabetes,37,70,6.8,140,HeartDisease,Bangalore
T1579,Diabetes,33,55,7.1,137,None,Bangalore
T1580,Hypertension,30,78,6.2,149,HeartDisease,Mumbai
T1581,Asthma,32,51,7.3,126,HeartDisease,Bangalore
T1582,Diabetes,32,50,7.2,141,HeartDisease,Chennai
T1583,Diabetes,21,65,6.2,137,HeartDisease,Pune
T1584,Cancer,27,72,6.3,141,HeartDisease,Pune
T1585,Diabetes,34,62,6.9,143,HeartDisease,Hyderabad
T1586,Hypertension,39,74,7.3,142,HeartDisease,Delhi
T1587,Asthma,34,80,7.0,133,HeartDisease,Chennai
T1588,Asthma,19,58,6.3,149,None,Bangalore
T1589,Diabetes,20,60,7.6,126,None,Hyderabad
T1590,Cancer,35,63,7.0,123,HeartDisease,Hyderabad
T1591,Diabetes,24,52,7.6,138,HeartDisease,Delhi
T1592,Cancer,18,72,6.7,136,HeartDisease,Chennai
T1593,Diabetes,30,76,6.0,146,HeartDisease,Bangalore
T1594,Asthma,26,54,7.5,132,HeartDisease,Pune
T1595,Diabetes,28,52,6.8,123,None,Pune
T1596,Cancer,36,62,6.9,148,HeartDisease,Pune
T1597,Cancer,34,76,7.2,149,HeartDisease,Pune
T1598,Diabetes,31,66,7.8,142,HeartDisease,Delhi
T1599,Cancer,40,51,7.0,123,None,Chennai
T1600,Diabetes,23,59,7.1,126,None,Delhi
T1601,Cancer,27,75,7.6,143,HeartDisease,Delhi
T1602,Hypertension,30,67,7.4,126,None,Mumbai
T1603,Hypertension,23,65,7.1,130,None,Pune
T1604,Diabetes,30,51,6.2,144,None,Bangalore
T1605,Cancer,22,78,6.8,143,None,Chennai
T1606,Diabetes,38,66,7.4,148,None,Pune
T1607,Hypertension,29,61,7.1,129,HeartDisease,Bangalore
T1608,Cancer,24,72,6.5,140,HeartDisease,Chennai
T1609,Asthma,30,50,6.1,130,HeartDisease,Hyderabad
T1610,Asthma,30,57,7.2,121,HeartDisease,Hyderabad
T1611,Cancer,19,77,8.0,148,HeartDisease,Mumbai
T1612,Hypertension,18,76,7.1,123,None,Pune
T1613,Asthma,38,65,6.2,146,None,Delhi
T1614,Diabetes,32,78,6.7,145,None,Chennai
T1615,Cancer,20,77,7.6,121,None,Delhi
T1616,Hypertension,30,61,6.6,124,HeartDisease,Delhi
T1617,Hypertension,28,60,7.4,137,HeartDisease,Hyderabad
T1618,Asthma,22,56,7.7,146,HeartDisease,Hyderabad
T1619,Cancer,32,78,7.7,133,HeartDisease,Chennai
T1620,Hypertension,38,75,7.6,125,None,Bangalore
T1621,Cancer,40,77,6.5,140,HeartDisease,Hyderabad
T1622,Asthma,38,64,7.3,120,None,Chennai
T1623,Cancer,36,64,7.5,122,None,Chennai
T1624,Diabetes,35,79,7.0,133,HeartDisease,Hyderabad
T1625,Asthma,20,70,7.6,139,HeartDisease,Pune
T1626,Cancer,31,62,7.1,137,HeartDisease,Delhi
T1627,Cancer,18,79,7.7,148,HeartDisease,Bangalore
T1628,Hypertension,26,55,6.5,134,None,Bangalore
T1629,Cancer,27,69,6.4,124,HeartDisease,Hyderabad
T1630,Asthma,37,70,6.4,140,HeartDisease,Hyderabad
T1631,Cancer,19,56,7.6,122,None,Mumbai
T1632,Cancer,18,73,6.7,136,HeartDisease,Chennai
T1633,Diabetes,39,79,6.6,121,None,Hyderabad
T1634,Diabetes,32,66,6.2,146,HeartDisease,Bangalore
T1635,Diabetes,30,62,6.5,130,None,Bangalore
T1636,Cancer,25,67,7.1,137,HeartDisease,Pune
T1637,Cancer,22,52,6.9,149,None,Pune
T1638,Hypertension,29,54,7.5,147,HeartDisease,Mumbai
T1639,Hypertension,23,79,7.0,146,None,Pune
T1640,Diabetes,20,67,6.9,121,HeartDisease,Delhi
T1641,Hypertension,32,59,7.3,128,None,Delhi
T1642,Diabetes,39,69,7.4,125,None,Chennai
T1643,Cancer,33,55,8.0,136,None,Pune
T1644,Hypertension,28,73,6.4,127,None,Chennai
T1645,Asthma,37,56,7.4,144,HeartDisease,Chennai
T1646,Cancer,23,65,6.4,142,None,Hyderabad
T1647,Asthma,24,53,6.8,126,None,Chennai
T1648,Hypertension,23,75,6.4,146,None,Bangalore
T1649,Asthma,38,72,7.3,148,HeartDisease,Pune
T1650,Diabetes,26,52,6.4,120,HeartDisease,Mumbai
T1651,Hypertension,21,65,7.6,148,None,Delhi
T1652,Asthma,25,51,6.5,126,None,Chennai
T1653,Hypertension,33,60,6.2,120,None,Bangalore
T1654,Diabetes,34,72,7.8,146,HeartDisease,Delhi
T1655,Asthma,33,58,7.1,126,HeartDisease,Delhi
T1656,Cancer,33,51,6.7,120,HeartDisease,Hyderabad
T1657,Hypertension,35,77,7.3,141,None,Delhi
T1658,Hypertension,30,55,6.5,147,None,Delhi
T1659,Diabetes,20,60,6.7,123,HeartDisease,Delhi
T1660,Diabetes,38,54,6.2,146,None,Mumbai
T1661,Hypertension,23,80,6.9,124,None,Delhi
T1662,Diabetes,23,55,7.9,136,None,Mumbai
T1663,Cancer,40,57,7.8,136,HeartDisease,Mumbai
T1664,Hypertension,38,61,6.6,136,HeartDisease,Mumbai
T1665,Hypertension,37,66,7.0,125,None,Hyderabad
T1666,Hypertension,29,65,7.5,136,HeartDisease,Delhi
T1667,Diabetes,36,51,6.7,141,None,Mumbai
T1668,Diabetes,33,73,7.1,145,None,Mumbai
T1669,Cancer,33,54,6.7,123,None,Mumbai
T1670,Cancer,34,76,7.7,145,None,Bangalore
T1671,Hypertension,33,55,7.7,142,None,Hyderabad
T1672,Hypertension,26,61,7.5,145,HeartDisease,Pune
T1673,Asthma,31,71,7.8,124,HeartDisease,Mumbai
T1674,Hypertension,28,50,6.8,131,None,Pune
T1675,Hypertension,36,57,8.0,131,HeartDisease,Bangalore
T1676,Cancer,30,70,7.3,129,HeartDisease,Chennai
T1677,Asthma,30,61,7.9,141,None,Hyderabad
T1678,Hypertension,31,71,7.0,133,HeartDisease,Delhi
T1679,Asthma,35,51,6.1,149,HeartDisease,Bangalore
T1680,Cancer,28,60,6.3,149,HeartDisease,Chennai
T1681,Asthma,21,68,7.1,134,None,Pune
T1682,Hypertension,25,55,6.5,132,HeartDisease,Chennai
T1683,Cancer,27,71,7.0,143,None,Hyderabad
T1684,Cancer,28,63,6.8,150,None,Bangalore
T1685,Diabetes,20,75,6.7,148,HeartDisease,Mumbai
T1686,Hypertension,25,67,6.9,148,HeartDisease,Pune
T1687,Cancer,39,62,7.6,129,HeartDisease,Hyderabad
T1688,Cancer,39,60,7.0,141,HeartDisease,Mumbai
T1689,Hypertension,28,55,6.0,133,None,Delhi
T1690,Cancer,34,53,7.6,135,HeartDisease,Chennai
T1691,Diabetes,21,80,6.6,132,None,Mumbai
T1692,Cancer,31,70,6.6,138,None,Bangalore
T1693,Asthma,33,64,6.9,140,HeartDisease,Bangalore
T1694,Hypertension,40,54,7.1,133,None,Pune
T1695,Cancer,29,78,7.3,120,HeartDisease,Bangalore
T1696,Hypertension,26,56,7.8,129,None,Bangalore
T1697,Cancer,26,79,6.2,124,HeartDisease,Chennai
T1698,Asthma,35,68,7.5,131,HeartDisease,Chennai
T1699,Asthma,22,54,6.6,120,HeartDisease,Mumbai
T1700,Diabetes,34,63,7.7,123,HeartDisease,Pune
T1701,Cancer,30,66,6.5,149,HeartDisease,Mumbai
T1702,Hypertension,39,77,7.7,143,None,Pune
T1703,Cancer,39,68,6.2,139,None,Delhi
T1704,Diabetes,27,71,6.9,135,HeartDisease,Hyderabad
T1705,Diabetes,22,52,6.6,132,HeartDisease,Mumbai
T1706,Cancer,33,65,6.9,143,None,Pune
T1707,Diabetes,36,79,6.6,121,HeartDisease,Pune
T1708,Cancer,36,55,7.7,147,HeartDisease,Bangalore
T1709,Cancer,36,50,6.4,147,None,Chennai
T1710,Diabetes,21,69,6.0,139,HeartDisease,Pune
T1711,Asthma,39,70,7.8,127,None,Delhi
T1712,Cancer,28,74,7.2,133,HeartDisease,Delhi
T1713,Cancer,19,80,7.3,127,HeartDisease,Pune
T1714,Diabetes,24,67,7.3,126,None,Delhi
T1715,Cancer,31,62,7.4,130,HeartDisease,Delhi
T1716,Asthma,34,53,7.4,131,None,Mumbai
T1717,Diabetes,38,71,6.3,138,None,Mumbai
T1718,Hypertension,24,56,8.0,126,None,Hyderabad
T1719,Asthma,31,50,6.2,140,HeartDisease,Mumbai
T1720,Cancer,28,76,6.9,123,None,Hyderabad
T1721,Hypertension,35,58,7.7,144,None,Mumbai
T1722,Asthma,18,79,6.2,137,HeartDisease,Chennai
T1723,Hypertension,26,64,6.1,121,None,Chennai
T1724,Diabetes,30,62,7.9,130,None,Pune
T1725,Diabetes,36,53,7.7,140,None,Hyderabad
T1726,Diabetes,37,67,7.9,134,None,Pune
T1727,Cancer,27,64,7.1,139,HeartDisease,Mumbai
T1728,Cancer,18,60,7.5,144,HeartDisease,Mumbai
T1729,Cancer,34,67,7.7,131,None,Mumbai
T1730,Cancer,23,69,7.4,134,None,Bangalore
T1731,Hypertension,23,61,6.0,130,HeartDisease,Mumbai
T1732,Hypertension,32,73,6.7,141,HeartDisease,Chennai
T1733,Asthma,32,72,6.8,129,HeartDisease,Hyderabad
T1734,Hypertension,25,61,6.4,123,None,Hyderabad
T1735,Diabetes,24,67,7.5,127,HeartDisease,Bangalore
T1736,Hypertension,21,71,7.3,120,None,Bangalore
T1737,Cancer,22,56,7.9,145,None,Pune
T1738,Diabetes,20,78,6.8,142,HeartDisease,Pune
T1739,Diabetes,20,72,6.3,141,None,Chennai
T1740,Hypertension,36,61,6.1,146,None,Delhi
T1741,Hypertension,32,52,7.5,142,None,Bangalore
T1742,Diabetes,26,71,7.3,147,None,Pune
T1743,Hypertension,31,51,7.3,134,HeartDisease,Bangalore
T1744,Cancer,31,71,7.8,141,HeartDisease,Pune
T1745,Asthma,27,66,6.8,131,None,Bangalore
T1746,Asthma,22,67,7.8,144,None,Bangalore
T1747,Hypertension,37,54,6.0,150,HeartDisease,Chennai
T1748,Asthma,22,67,7.6,129,HeartDisease,Pune
T1749,Cancer,19,63,8.0,125,None,Bangalore
T1750,Asthma,22,63,7.9,126,HeartDisease,Hyderabad
T1751,Hypertension,27,71,7.3,131,None,Chennai
T1752,Asthma,40,79,6.7,123,HeartDisease,Hyderabad
T1753,Cancer,27,57,7.3,125,HeartDisease,Bangalore
T1754,Diabetes,38,62,6.7,123,HeartDisease,Chennai
T1755,Asthma,18,67,7.0,146,HeartDisease,Bangalore
T1756,Hypertension,19,78,7.0,142,None,Bangalore
T1757,Cancer,28,75,6.8,146,None,Mumbai
T1758,Cancer,38,77,7.3,121,None,Chennai
T1759,Asthma,35,50,7.6,132,None,Mumbai
T1760,Cancer,26,53,6.9,145,None,Hyderabad
T1761,Hypertension,35,77,6.8,129,None,Hyderabad
T1762,Hypertension,24,54,6.2,140,None,Hyderabad
T1763,Cancer,29,57,6.7,149,HeartDisease,Hyderabad
T1764,Asthma,25,80,7.7,125,HeartDisease,Bangalore
T1765,Cancer,24,60,6.2,143,HeartDisease,Hyderabad
T1766,Diabetes,39,69,7.7,120,HeartDisease,Delhi
T1767,Diabetes,24,58,7.1,145,None,Mumbai
T1768,Asthma,25,74,6.3,147,HeartDisease,Pune
T1769,Asthma,24,77,6.6,121,None,Pune
T1770,Hypertension,19,73,6.5,121,HeartDisease,Mumbai
T1771,Asthma,35,59,6.9,136,None,Delhi
T1772,Cancer,27,54,6.1,134,None,Mumbai
T1773,Hypertension,37,62,7.4,129,HeartDisease,Chennai
T1774,Cancer,30,69,7.2,123,None,Bangalore
T1775,Hypertension,29,65,6.6,127,HeartDisease,Chennai
T1776,Hypertension,35,68,6.6,126,HeartDisease,Hyderabad
T1777,Asthma,26,50,6.4,134,HeartDisease,Pune
T1778,Asthma,29,70,7.0,127,HeartDisease,Delhi
T1779,Asthma,35,66,6.3,149,None,Pune
T1780,Asthma,26,66,7.3,135,HeartDisease,Delhi
T1781,Cancer,28,56,7.1,141,HeartDisease,Pune
T1782,Diabetes,33,54,6.8,126,HeartDisease,Delhi
T1783,Asthma,22,59,6.3,125,HeartDisease,Chennai
T1784,Diabetes,33,72,6.1,121,HeartDisease,Mumbai
T1785,Hypertension,19,63,6.1,148,HeartDisease,Pune
T1786,Asthma,22,80,7.3,135,None,Bangalore
T1787,Diabetes,34,69,6.7,141,None,Chennai
T1788,Cancer,21,50,8.0,149,None,Mumbai
T1789,Cancer,26,52,6.8,142,None,Delhi
T1790,Asthma,24,56,6.8,130,HeartDisease,Bangalore
T1791,Asthma,21,73,6.7,139,None,Chennai
T1792,Cancer,28,67,6.9,141,None,Bangalore
T1793,Asthma,33,67,6.8,148,HeartDisease,Mumbai
T1794,Asthma,23,70,6.8,140,None,Mumbai
T1795,Cancer,37,50,6.4,123,HeartDisease,Chennai
T1796,Diabetes,21,66,6.3,122,HeartDisease,Pune
T1797,Diabetes,24,58,7.6,126,None,Delhi
T1798,Diabetes,24,68,6.4,144,None,Mumbai
T1799,Diabetes,28,51,6.8,146,None,Bangalore
T1800,Asthma,23,64,7.9,125,HeartDisease,Pune
T1801,Hypertension,19,69,6.3,139,HeartDisease,Delhi
T1802,Hypertension,23,76,7.5,143,HeartDisease,Hyderabad
T1803,Diabetes,27,73,6.1,146,None,Hyderabad
T1804,Hypertension,26,79,7.5,141,None,Delhi
T1805,Hypertension,27,50,7.6,132,None,Delhi
T1806,Asthma,36,64,6.9,146,None,Hyderabad
T1807,Diabetes,31,52,6.5,139,None,Hyderabad
T1808,Diabetes,33,54,6.7,125,None,Bangalore
T1809,Asthma,33,61,6.1,122,None,Pune
T1810,Cancer,37,78,7.5,124,None,Pune
T1811,Diabetes,35,69,6.7,126,HeartDisease,Mumbai
T1812,Hypertension,22,55,7.6,144,HeartDisease,Chennai
T1813,Asthma,38,72,6.6,137,None,Delhi
T1814,Cancer,38,74,7.4,146,HeartDisease,Mumbai
T1815,Cancer,38,78,7.9,127,HeartDisease,Mumbai
T1816,Cancer,18,77,6.4,129,None,Chennai
T1817,Diabetes,34,67,6.8,130,HeartDisease,Pune
T1818,Cancer,18,68,6.5,131,HeartDisease,Hyderabad
T1819,Hypertension,40,56,7.9,135,HeartDisease,Pune
T1820,Diabetes,23,53,7.3,143,None,Hyderabad
T1821,Hypertension,20,75,6.7,123,HeartDisease,Chennai
T1822,Diabetes,22,55,7.1,123,HeartDisease,Chennai
T1823,Asthma,32,68,6.4,120,None,Mumbai
T1824,Cancer,28,63,7.4,149,HeartDisease,Bangalore
T1825,Diabetes,33,59,6.2,136,HeartDisease,Chennai
T1826,Hypertension,29,75,6.8,132,None,Hyderabad
T1827,Cancer,33,75,6.2,144,None,Chennai
T1828,Cancer,28,70,6.1,129,HeartDisease,Chennai
T1829,Cancer,35,50,7.6,148,HeartDisease,Mumbai
T1830,Hypertension,27,67,8.0,139,HeartDisease,Pune
T1831,Asthma,19,78,7.8,130,None,Mumbai
T1832,Cancer,21,68,6.2,126,HeartDisease,Bangalore
T1833,Hypertension,31,62,7.2,141,HeartDisease,Delhi
T1834,Hypertension,34,66,6.8,128,None,Hyderabad
T1835,Cancer,30,72,7.4,131,None,Hyderabad
T1836,Diabetes,33,68,6.5,149,None,Delhi
T1837,Diabetes,24,72,6.0,150,HeartDisease,Bangalore
T1838,Cancer,31,78,7.1,143,None,Mumbai
T1839,Diabetes,34,75,6.2,121,HeartDisease,Delhi
T1840,Asthma,31,58,7.2,131,None,Chennai
T1841,Diabetes,29,68,6.7,129,None,Pune
T1842,Asthma,29,73,7.5,148,HeartDisease,Bangalore
T1843,Cancer,33,72,7.2,145,None,Delhi
T1844,Diabetes,36,70,7.2,133,HeartDisease,Pune
T1845,Asthma,34,56,6.3,137,None,Delhi
T1846,Cancer,24,74,6.7,123,None,Pune
T1847,Hypertension,36,60,6.8,141,None,Bangalore
T1848,Diabetes,32,77,6.5,150,HeartDisease,Mumbai
T1849,Cancer,26,76,7.5,120,None,Delhi
T1850,Diabetes,27,61,7.6,140,HeartDisease,Mumbai
T1851,Diabetes,22,74,7.6,140,HeartDisease,Hyderabad
T1852,Diabetes,34,53,6.5,140,HeartDisease,Delhi
T1853,Hypertension,23,68,7.7,127,HeartDisease,Chennai
T1854,Diabetes,27,71,7.5,136,HeartDisease,Delhi
T1855,Hypertension,21,68,8.0,129,HeartDisease,Pune
T1856,Hypertension,29,72,6.3,150,None,Delhi
T1857,Hypertension,29,70,7.5,127,None,Chennai
T1858,Cancer,33,79,7.5,133,None,Chennai
T1859,Asthma,37,76,7.5,142,None,Delhi
T1860,Diabetes,21,72,6.3,145,None,Delhi
T1861,Hypertension,26,62,7.3,149,HeartDisease,Hyderabad
T1862,Asthma,35,56,6.1,126,None,Delhi
T1863,Cancer,28,73,6.8,149,HeartDisease,Delhi
T1864,Cancer,37,79,7.7,135,None,Mumbai
T1865,Asthma,28,64,6.3,150,HeartDisease,Pune
T1866,Hypertension,36,60,7.6,143,HeartDisease,Mumbai
T1867,Asthma,38,57,6.3,126,HeartDisease,Mumbai
T1868,Cancer,18,70,7.7,125,HeartDisease,Hyderabad
T1869,Cancer,37,61,6.8,145,HeartDisease,Chennai
T1870,Diabetes,20,59,7.0,120,None,Hyderabad
T1871,Diabetes,24,55,6.7,129,None,Delhi
T1872,Asthma,33,54,6.1,135,None,Bangalore
T1873,Cancer,22,51,7.2,132,HeartDisease,Pune
T1874,Diabetes,39,73,7.1,124,None,Bangalore
T1875,Cancer,24,73,6.8,131,None,Mumbai
T1876,Asthma,40,50,6.2,126,HeartDisease,Pune
T1877,Asthma,31,80,6.3,133,HeartDisease,Delhi
T1878,Diabetes,36,64,6.5,142,None,Delhi
T1879,Hypertension,38,56,6.2,129,HeartDisease,Mumbai
T1880,Asthma,25,68,7.4,130,None,Hyderabad
T1881,Diabetes,19,62,6.8,141,None,Bangalore
T1882,Asthma,31,75,6.5,147,None,Hyderabad
T1883,Hypertension,22,52,7.1,147,HeartDisease,Pune
T1884,Cancer,32,78,7.1,133,HeartDisease,Mumbai
T1885,Asthma,38,74,6.0,137,None,Pune
T1886,Diabetes,22,80,6.8,147,HeartDisease,Bangalore
T1887,Cancer,20,64,8.0,131,HeartDisease,Chennai
T1888,Hypertension,19,66,6.2,133,None,Delhi
T1889,Asthma,21,50,6.4,142,HeartDisease,Hyderabad
T1890,Diabetes,18,71,7.1,125,HeartDisease,Bangalore
T1891,Hypertension,31,52,6.3,139,HeartDisease,Pune
T1892,Cancer,19,56,6.1,129,None,Bangalore
T1893,Diabetes,26,66,6.3,120,None,Bangalore
T1894,Asthma,27,72,7.8,134,None,Delhi
T1895,Cancer,25,75,7.7,137,None,Pune
T1896,Diabetes,27,57,7.1,126,None,Chennai
T1897,Hypertension,34,65,7.0,140,None,Mumbai
T1898,Diabetes,28,61,7.2,126,HeartDisease,Chennai
T1899,Hypertension,33,65,7.2,143,None,Bangalore
T1900,Hypertension,26,72,7.9,121,None,Bangalore
T1901,Diabetes,22,78,6.9,134,HeartDisease,Delhi
T1902,Hypertension,23,79,7.7,123,HeartDisease,Chennai
T1903,Diabetes,31,60,7.4,123,None,Hyderabad
T1904,Diabetes,38,62,6.9,131,HeartDisease,Bangalore
T1905,Hypertension,37,68,7.3,134,None,Delhi
T1906,Hypertension,39,57,7.3,150,None,Bangalore
T1907,Cancer,36,51,6.5,134,None,Chennai
T1908,Hypertension,36,69,7.2,124,HeartDisease,Bangalore
T1909,Hypertension,40,71,7.7,127,HeartDisease,Mumbai
T1910,Diabetes,18,79,7.7,131,HeartDisease,Delhi
T1911,Asthma,19,56,6.7,126,HeartDisease,Bangalore
T1912,Hypertension,27,50,7.5,128,HeartDisease,Chennai
T1913,Cancer,28,56,6.4,124,HeartDisease,Hyderabad
T1914,Hypertension,27,59,7.9,129,None,Delhi
T1915,Diabetes,30,55,6.8,142,None,Delhi
T1916,Cancer,34,72,6.7,123,HeartDisease,Mumbai
T1917,Cancer,22,70,6.5,122,HeartDisease,Bangalore
T1918,Hypertension,31,75,6.9,129,HeartDisease,Mumbai
T1919,Diabetes,28,77,7.4,128,None,Mumbai
T1920,Asthma,38,75,6.4,134,HeartDisease,Bangalore
T1921,Cancer,30,60,7.4,142,None,Hyderabad
T1922,Diabetes,30,52,6.9,137,HeartDisease,Delhi
T1923,Asthma,24,69,7.6,144,HeartDisease,Delhi
T1924,Cancer,33,69,7.9,132,HeartDisease,Bangalore
T1925,Asthma,34,75,7.4,137,HeartDisease,Delhi
T1926,Asthma,27,76,7.8,130,None,Delhi
T1927,Cancer,32,71,7.2,128,HeartDisease,Delhi
T1928,Cancer,36,79,7.3,144,HeartDisease,Pune
T1929,Asthma,19,77,7.7,129,HeartDisease,Pune
T1930,Diabetes,25,77,7.3,122,None,Delhi
T1931,Asthma,40,67,7.7,121,None,Bangalore
T1932,Cancer,21,79,7.4,146,None,Chennai
T1933,Cancer,19,67,6.3,147,HeartDisease,Chennai
T1934,Hypertension,19,63,7.3,136,HeartDisease,Delhi
T1935,Asthma,19,55,7.2,130,HeartDisease,Mumbai
T1936,Asthma,34,65,7.3,131,None,Hyderabad
T1937,Cancer,30,55,6.7,138,None,Chennai
T1938,Hypertension,25,58,7.6,145,HeartDisease,Chennai
T1939,Asthma,33,76,6.1,139,HeartDisease,Pune
T1940,Asthma,26,79,6.3,120,HeartDisease,Mumbai
T1941,Cancer,26,73,7.4,150,None,Mumbai
T1942,Asthma,26,66,6.4,132,None,Delhi
T1943,Hypertension,20,68,6.5,131,HeartDisease,Delhi
T1944,Diabetes,20,52,6.1,131,None,Mumbai
T1945,Diabetes,39,52,7.2,132,None,Chennai
T1946,Cancer,39,53,7.9,137,None,Bangalore
T1947,Diabetes,29,64,7.1,146,HeartDisease,Chennai
T1948,Hypertension,38,75,7.2,128,HeartDisease,Chennai
T1949,Diabetes,39,54,7.5,148,HeartDisease,Hyderabad
T1950,Hypertension,38,57,6.3,148,HeartDisease,Delhi
T1951,Cancer,30,63,7.6,121,None,Pune
T1952,Diabetes,34,70,6.8,147,None,Delhi
T1953,Asthma,24,75,7.0,122,HeartDisease,Chennai
T1954,Cancer,38,61,7.4,133,HeartDisease,Mumbai
T1955,Asthma,38,67,7.3,121,None,Delhi
T1956,Diabetes,24,75,6.2,126,HeartDisease,Bangalore
T1957,Asthma,24,71,7.2,135,None,Bangalore
T1958,Diabetes,27,54,7.4,127,HeartDisease,Mumbai
T1959,Cancer,24,73,6.1,127,None,Mumbai
T1960,Hypertension,28,71,7.4,126,HeartDisease,Bangalore
T1961,Hypertension,28,65,6.7,137,HeartDisease,Delhi
T1962,Asthma,30,54,7.4,146,None,Chennai
T1963,Cancer,23,53,7.4,124,None,Delhi
T1964,Hypertension,18,59,7.0,130,None,Pune
T1965,Hypertension,32,51,7.2,137,HeartDisease,Pune
T1966,Hypertension,21,68,6.5,135,HeartDisease,Pune
T1967,Hypertension,36,73,6.3,147,HeartDisease,Pune
T1968,Cancer,39,80,6.6,126,None,Chennai
T1969,Diabetes,22,59,7.9,147,HeartDisease,Delhi
T1970,Asthma,28,67,6.8,147,None,Mumbai
T1971,Hypertension,38,50,7.7,138,None,Chennai
T1972,Cancer,34,53,7.8,127,HeartDisease,Delhi
T1973,Diabetes,35,66,7.2,146,HeartDisease,Mumbai
T1974,Cancer,26,63,7.3,120,None,Mumbai
T1975,Cancer,27,67,6.8,142,None,Chennai
T1976,Asthma,28,50,7.4,123,HeartDisease,Delhi
T1977,Diabetes,33,62,7.6,150,None,Mumbai
T1978,Diabetes,20,63,7.7,131,HeartDisease,Delhi
T1979,Asthma,31,75,7.2,149,HeartDisease,Hyderabad
T1980,Hypertension,35,63,7.8,123,None,Bangalore
T1981,Diabetes,32,59,7.8,130,None,Bangalore
T1982,Hypertension,18,77,7.3,129,None,Hyderabad
T1983,Cancer,40,50,6.4,144,HeartDisease,Delhi
T1984,Asthma,29,72,6.6,141,None,Pune
T1985,Cancer,25,51,6.8,124,None,Pune
T1986,Asthma,40,67,6.9,146,None,Bangalore
T1987,Cancer,31,67,7.3,120,HeartDisease,Chennai
T1988,Asthma,26,75,7.7,121,HeartDisease,Chennai
T1989,Asthma,37,72,7.7,148,HeartDisease,Chennai
T1990,Asthma,34,51,6.4,124,HeartDisease,Delhi
T1991,Cancer,33,78,7.6,144,HeartDisease,Hyderabad
T1992,Hypertension,37,62,7.0,121,HeartDisease,Chennai
T1993,Asthma,28,58,7.3,137,None,Mumbai
T1994,Hypertension,38,56,6.3,138,HeartDisease,Bangalore
T1995,Hypertension,28,65,6.9,134,None,Mumbai
T1996,Asthma,31,77,7.8,149,None,Mumbai
T1997,Asthma,31,51,6.9,141,None,Bangalore
T1998,Cancer,23,59,7.8,127,HeartDisease,Mumbai
T1999,Cancer,33,66,6.9,136,None,Pune
T2000,Cancer,34,62,6.7,135,HeartDisease,Delhi
